working_set_bytes,timer_units_per_access
4096,9.0086
8192,10.1331
16384,9.0629
32768,19.1166
65536,12.8382
131072,14.428
262144,15.3865
524288,18.9845
557056,19.159
589824,19.4291
622592,19.58
655360,20.7629
688128,20.4977
720896,20.5779
753664,20.6408
786432,20.7549
819200,20.8811
851968,21.322
884736,21.9001
917504,22.7957
950272,23.9126
983040,24.0081
1015808,25.1816
1048576,25.9882
1114112,27.7367
1179648,29.559
1245184,30.7993
1310720,32.8816
1376256,34.3357
1441792,36.4914
1507328,37.4596
1572864,38.9336
1638400,40.2008
1703936,41.528
1769472,42.8589
1835008,43.7291
1900544,44.6813
1966080,45.5807
2031616,46.5811
2097152,41.5702
4194304,53.8426
8388608,60.0267
16777216,71.2985
33554432,161.6414
67108864,179.9534
134217728,221.7473
