machine,conflicting_lines,timer_units_per_access,file
AMD_EPYC_9654_96-Core_Processor,1,5.0367,phase3/data/hazel/AMD_EPYC_9654_96-Core_Processor/assoc_1.txt
AMD_EPYC_9654_96-Core_Processor,2,5.0173,phase3/data/hazel/AMD_EPYC_9654_96-Core_Processor/assoc_2.txt
AMD_EPYC_9654_96-Core_Processor,3,5.0263,phase3/data/hazel/AMD_EPYC_9654_96-Core_Processor/assoc_3.txt
AMD_EPYC_9654_96-Core_Processor,4,5.0154,phase3/data/hazel/AMD_EPYC_9654_96-Core_Processor/assoc_4.txt
AMD_EPYC_9654_96-Core_Processor,5,4.9968,phase3/data/hazel/AMD_EPYC_9654_96-Core_Processor/assoc_5.txt
AMD_EPYC_9654_96-Core_Processor,6,6.3668,phase3/data/hazel/AMD_EPYC_9654_96-Core_Processor/assoc_6.txt
AMD_EPYC_9654_96-Core_Processor,7,6.1985,phase3/data/hazel/AMD_EPYC_9654_96-Core_Processor/assoc_7.txt
AMD_EPYC_9654_96-Core_Processor,8,5.0306,phase3/data/hazel/AMD_EPYC_9654_96-Core_Processor/assoc_8.txt
AMD_EPYC_9654_96-Core_Processor,9,37.4894,phase3/data/hazel/AMD_EPYC_9654_96-Core_Processor/assoc_9.txt
AMD_EPYC_9654_96-Core_Processor,10,20.5817,phase3/data/hazel/AMD_EPYC_9654_96-Core_Processor/assoc_10.txt
AMD_EPYC_9654_96-Core_Processor,12,20.7822,phase3/data/hazel/AMD_EPYC_9654_96-Core_Processor/assoc_12.txt
AMD_EPYC_9654_96-Core_Processor,16,21.4484,phase3/data/hazel/AMD_EPYC_9654_96-Core_Processor/assoc_16.txt
AMD_EPYC_9654_96-Core_Processor,24,21.2976,phase3/data/hazel/AMD_EPYC_9654_96-Core_Processor/assoc_24.txt
AMD_EPYC_9654_96-Core_Processor,32,20.5957,phase3/data/hazel/AMD_EPYC_9654_96-Core_Processor/assoc_32.txt
AMD_EPYC_9654_96-Core_Processor,48,20.7529,phase3/data/hazel/AMD_EPYC_9654_96-Core_Processor/assoc_48.txt
AMD_EPYC_9654_96-Core_Processor,64,20.7334,phase3/data/hazel/AMD_EPYC_9654_96-Core_Processor/assoc_64.txt
AMD_EPYC_9655_96-Core_Processor,1,3.3311,phase3/data/hazel/AMD_EPYC_9655_96-Core_Processor/assoc_1.txt
AMD_EPYC_9655_96-Core_Processor,2,3.1541,phase3/data/hazel/AMD_EPYC_9655_96-Core_Processor/assoc_2.txt
AMD_EPYC_9655_96-Core_Processor,3,3.1491,phase3/data/hazel/AMD_EPYC_9655_96-Core_Processor/assoc_3.txt
AMD_EPYC_9655_96-Core_Processor,4,3.1474,phase3/data/hazel/AMD_EPYC_9655_96-Core_Processor/assoc_4.txt
AMD_EPYC_9655_96-Core_Processor,5,3.1495,phase3/data/hazel/AMD_EPYC_9655_96-Core_Processor/assoc_5.txt
AMD_EPYC_9655_96-Core_Processor,6,3.1551,phase3/data/hazel/AMD_EPYC_9655_96-Core_Processor/assoc_6.txt
AMD_EPYC_9655_96-Core_Processor,7,3.1406,phase3/data/hazel/AMD_EPYC_9655_96-Core_Processor/assoc_7.txt
AMD_EPYC_9655_96-Core_Processor,8,3.1399,phase3/data/hazel/AMD_EPYC_9655_96-Core_Processor/assoc_8.txt
AMD_EPYC_9655_96-Core_Processor,9,3.1352,phase3/data/hazel/AMD_EPYC_9655_96-Core_Processor/assoc_9.txt
AMD_EPYC_9655_96-Core_Processor,10,3.1508,phase3/data/hazel/AMD_EPYC_9655_96-Core_Processor/assoc_10.txt
AMD_EPYC_9655_96-Core_Processor,12,3.1634,phase3/data/hazel/AMD_EPYC_9655_96-Core_Processor/assoc_12.txt
AMD_EPYC_9655_96-Core_Processor,16,11.1324,phase3/data/hazel/AMD_EPYC_9655_96-Core_Processor/assoc_16.txt
AMD_EPYC_9655_96-Core_Processor,24,11.0173,phase3/data/hazel/AMD_EPYC_9655_96-Core_Processor/assoc_24.txt
AMD_EPYC_9655_96-Core_Processor,32,12.3983,phase3/data/hazel/AMD_EPYC_9655_96-Core_Processor/assoc_32.txt
AMD_EPYC_9655_96-Core_Processor,48,11.1128,phase3/data/hazel/AMD_EPYC_9655_96-Core_Processor/assoc_48.txt
AMD_EPYC_9655_96-Core_Processor,64,11.1834,phase3/data/hazel/AMD_EPYC_9655_96-Core_Processor/assoc_64.txt
Intel_R_Xeon_R_CPU_E5-2650_v3_2.30GHz,1,8.9175,phase3/data/hazel/Intel_R_Xeon_R_CPU_E5-2650_v3_2.30GHz/assoc_1.txt
Intel_R_Xeon_R_CPU_E5-2650_v3_2.30GHz,2,8.947,phase3/data/hazel/Intel_R_Xeon_R_CPU_E5-2650_v3_2.30GHz/assoc_2.txt
Intel_R_Xeon_R_CPU_E5-2650_v3_2.30GHz,3,9.6421,phase3/data/hazel/Intel_R_Xeon_R_CPU_E5-2650_v3_2.30GHz/assoc_3.txt
Intel_R_Xeon_R_CPU_E5-2650_v3_2.30GHz,4,8.8964,phase3/data/hazel/Intel_R_Xeon_R_CPU_E5-2650_v3_2.30GHz/assoc_4.txt
Intel_R_Xeon_R_CPU_E5-2650_v3_2.30GHz,5,8.9123,phase3/data/hazel/Intel_R_Xeon_R_CPU_E5-2650_v3_2.30GHz/assoc_5.txt
Intel_R_Xeon_R_CPU_E5-2650_v3_2.30GHz,6,8.9127,phase3/data/hazel/Intel_R_Xeon_R_CPU_E5-2650_v3_2.30GHz/assoc_6.txt
Intel_R_Xeon_R_CPU_E5-2650_v3_2.30GHz,7,8.9017,phase3/data/hazel/Intel_R_Xeon_R_CPU_E5-2650_v3_2.30GHz/assoc_7.txt
Intel_R_Xeon_R_CPU_E5-2650_v3_2.30GHz,8,9.7119,phase3/data/hazel/Intel_R_Xeon_R_CPU_E5-2650_v3_2.30GHz/assoc_8.txt
Intel_R_Xeon_R_CPU_E5-2650_v3_2.30GHz,9,11.6612,phase3/data/hazel/Intel_R_Xeon_R_CPU_E5-2650_v3_2.30GHz/assoc_9.txt
Intel_R_Xeon_R_CPU_E5-2650_v3_2.30GHz,10,14.6478,phase3/data/hazel/Intel_R_Xeon_R_CPU_E5-2650_v3_2.30GHz/assoc_10.txt
Intel_R_Xeon_R_CPU_E5-2650_v3_2.30GHz,12,15.3139,phase3/data/hazel/Intel_R_Xeon_R_CPU_E5-2650_v3_2.30GHz/assoc_12.txt
Intel_R_Xeon_R_CPU_E5-2650_v3_2.30GHz,16,15.3197,phase3/data/hazel/Intel_R_Xeon_R_CPU_E5-2650_v3_2.30GHz/assoc_16.txt
Intel_R_Xeon_R_CPU_E5-2650_v3_2.30GHz,24,15.3117,phase3/data/hazel/Intel_R_Xeon_R_CPU_E5-2650_v3_2.30GHz/assoc_24.txt
Intel_R_Xeon_R_CPU_E5-2650_v3_2.30GHz,32,15.2953,phase3/data/hazel/Intel_R_Xeon_R_CPU_E5-2650_v3_2.30GHz/assoc_32.txt
Intel_R_Xeon_R_CPU_E5-2650_v3_2.30GHz,48,22.7014,phase3/data/hazel/Intel_R_Xeon_R_CPU_E5-2650_v3_2.30GHz/assoc_48.txt
Intel_R_Xeon_R_CPU_E5-2650_v3_2.30GHz,64,27.3475,phase3/data/hazel/Intel_R_Xeon_R_CPU_E5-2650_v3_2.30GHz/assoc_64.txt
Intel_R_Xeon_R_CPU_E5-2650_v4_2.20GHz,1,8.2854,phase3/data/hazel/Intel_R_Xeon_R_CPU_E5-2650_v4_2.20GHz/assoc_1.txt
Intel_R_Xeon_R_CPU_E5-2650_v4_2.20GHz,2,8.437,phase3/data/hazel/Intel_R_Xeon_R_CPU_E5-2650_v4_2.20GHz/assoc_2.txt
Intel_R_Xeon_R_CPU_E5-2650_v4_2.20GHz,3,8.6172,phase3/data/hazel/Intel_R_Xeon_R_CPU_E5-2650_v4_2.20GHz/assoc_3.txt
Intel_R_Xeon_R_CPU_E5-2650_v4_2.20GHz,4,8.3175,phase3/data/hazel/Intel_R_Xeon_R_CPU_E5-2650_v4_2.20GHz/assoc_4.txt
Intel_R_Xeon_R_CPU_E5-2650_v4_2.20GHz,5,8.2987,phase3/data/hazel/Intel_R_Xeon_R_CPU_E5-2650_v4_2.20GHz/assoc_5.txt
Intel_R_Xeon_R_CPU_E5-2650_v4_2.20GHz,6,8.433,phase3/data/hazel/Intel_R_Xeon_R_CPU_E5-2650_v4_2.20GHz/assoc_6.txt
Intel_R_Xeon_R_CPU_E5-2650_v4_2.20GHz,7,8.5305,phase3/data/hazel/Intel_R_Xeon_R_CPU_E5-2650_v4_2.20GHz/assoc_7.txt
Intel_R_Xeon_R_CPU_E5-2650_v4_2.20GHz,8,8.3837,phase3/data/hazel/Intel_R_Xeon_R_CPU_E5-2650_v4_2.20GHz/assoc_8.txt
Intel_R_Xeon_R_CPU_E5-2650_v4_2.20GHz,9,11.0614,phase3/data/hazel/Intel_R_Xeon_R_CPU_E5-2650_v4_2.20GHz/assoc_9.txt
Intel_R_Xeon_R_CPU_E5-2650_v4_2.20GHz,10,13.6246,phase3/data/hazel/Intel_R_Xeon_R_CPU_E5-2650_v4_2.20GHz/assoc_10.txt
Intel_R_Xeon_R_CPU_E5-2650_v4_2.20GHz,12,14.8083,phase3/data/hazel/Intel_R_Xeon_R_CPU_E5-2650_v4_2.20GHz/assoc_12.txt
Intel_R_Xeon_R_CPU_E5-2650_v4_2.20GHz,16,14.607,phase3/data/hazel/Intel_R_Xeon_R_CPU_E5-2650_v4_2.20GHz/assoc_16.txt
Intel_R_Xeon_R_CPU_E5-2650_v4_2.20GHz,24,14.0556,phase3/data/hazel/Intel_R_Xeon_R_CPU_E5-2650_v4_2.20GHz/assoc_24.txt
Intel_R_Xeon_R_CPU_E5-2650_v4_2.20GHz,32,14.3434,phase3/data/hazel/Intel_R_Xeon_R_CPU_E5-2650_v4_2.20GHz/assoc_32.txt
Intel_R_Xeon_R_CPU_E5-2650_v4_2.20GHz,48,30.8214,phase3/data/hazel/Intel_R_Xeon_R_CPU_E5-2650_v4_2.20GHz/assoc_48.txt
Intel_R_Xeon_R_CPU_E5-2650_v4_2.20GHz,64,31.6498,phase3/data/hazel/Intel_R_Xeon_R_CPU_E5-2650_v4_2.20GHz/assoc_64.txt
Intel_R_Xeon_R_Gold_6326_CPU_2.90GHz,1,30.713,phase3/data/hazel/Intel_R_Xeon_R_Gold_6326_CPU_2.90GHz/assoc_1.txt
Intel_R_Xeon_R_Gold_6326_CPU_2.90GHz,2,28.2802,phase3/data/hazel/Intel_R_Xeon_R_Gold_6326_CPU_2.90GHz/assoc_2.txt
Intel_R_Xeon_R_Gold_6326_CPU_2.90GHz,3,18.0466,phase3/data/hazel/Intel_R_Xeon_R_Gold_6326_CPU_2.90GHz/assoc_3.txt
Intel_R_Xeon_R_Gold_6326_CPU_2.90GHz,4,18.1586,phase3/data/hazel/Intel_R_Xeon_R_Gold_6326_CPU_2.90GHz/assoc_4.txt
Intel_R_Xeon_R_Gold_6326_CPU_2.90GHz,5,24.9592,phase3/data/hazel/Intel_R_Xeon_R_Gold_6326_CPU_2.90GHz/assoc_5.txt
Intel_R_Xeon_R_Gold_6326_CPU_2.90GHz,6,16.9991,phase3/data/hazel/Intel_R_Xeon_R_Gold_6326_CPU_2.90GHz/assoc_6.txt
Intel_R_Xeon_R_Gold_6326_CPU_2.90GHz,7,29.3113,phase3/data/hazel/Intel_R_Xeon_R_Gold_6326_CPU_2.90GHz/assoc_7.txt
Intel_R_Xeon_R_Gold_6326_CPU_2.90GHz,8,23.3653,phase3/data/hazel/Intel_R_Xeon_R_Gold_6326_CPU_2.90GHz/assoc_8.txt
Intel_R_Xeon_R_Gold_6326_CPU_2.90GHz,9,24.5742,phase3/data/hazel/Intel_R_Xeon_R_Gold_6326_CPU_2.90GHz/assoc_9.txt
Intel_R_Xeon_R_Gold_6326_CPU_2.90GHz,10,29.387,phase3/data/hazel/Intel_R_Xeon_R_Gold_6326_CPU_2.90GHz/assoc_10.txt
Intel_R_Xeon_R_Gold_6326_CPU_2.90GHz,12,19.6654,phase3/data/hazel/Intel_R_Xeon_R_Gold_6326_CPU_2.90GHz/assoc_12.txt
Intel_R_Xeon_R_Gold_6326_CPU_2.90GHz,16,47.1752,phase3/data/hazel/Intel_R_Xeon_R_Gold_6326_CPU_2.90GHz/assoc_16.txt
Intel_R_Xeon_R_Gold_6326_CPU_2.90GHz,24,26.0416,phase3/data/hazel/Intel_R_Xeon_R_Gold_6326_CPU_2.90GHz/assoc_24.txt
Intel_R_Xeon_R_Gold_6326_CPU_2.90GHz,32,26.776,phase3/data/hazel/Intel_R_Xeon_R_Gold_6326_CPU_2.90GHz/assoc_32.txt
Intel_R_Xeon_R_Gold_6326_CPU_2.90GHz,48,33.8475,phase3/data/hazel/Intel_R_Xeon_R_Gold_6326_CPU_2.90GHz/assoc_48.txt
Intel_R_Xeon_R_Gold_6326_CPU_2.90GHz,64,23.6363,phase3/data/hazel/Intel_R_Xeon_R_Gold_6326_CPU_2.90GHz/assoc_64.txt
Intel_R_Xeon_R_Platinum_8358_CPU_2.60GHz,1,28.5291,phase3/data/hazel/Intel_R_Xeon_R_Platinum_8358_CPU_2.60GHz/assoc_1.txt
Intel_R_Xeon_R_Platinum_8358_CPU_2.60GHz,2,23.5597,phase3/data/hazel/Intel_R_Xeon_R_Platinum_8358_CPU_2.60GHz/assoc_2.txt
Intel_R_Xeon_R_Platinum_8358_CPU_2.60GHz,3,22.3037,phase3/data/hazel/Intel_R_Xeon_R_Platinum_8358_CPU_2.60GHz/assoc_3.txt
Intel_R_Xeon_R_Platinum_8358_CPU_2.60GHz,4,17.7311,phase3/data/hazel/Intel_R_Xeon_R_Platinum_8358_CPU_2.60GHz/assoc_4.txt
Intel_R_Xeon_R_Platinum_8358_CPU_2.60GHz,5,16.8967,phase3/data/hazel/Intel_R_Xeon_R_Platinum_8358_CPU_2.60GHz/assoc_5.txt
Intel_R_Xeon_R_Platinum_8358_CPU_2.60GHz,6,10.4077,phase3/data/hazel/Intel_R_Xeon_R_Platinum_8358_CPU_2.60GHz/assoc_6.txt
Intel_R_Xeon_R_Platinum_8358_CPU_2.60GHz,7,13.9352,phase3/data/hazel/Intel_R_Xeon_R_Platinum_8358_CPU_2.60GHz/assoc_7.txt
Intel_R_Xeon_R_Platinum_8358_CPU_2.60GHz,8,18.4326,phase3/data/hazel/Intel_R_Xeon_R_Platinum_8358_CPU_2.60GHz/assoc_8.txt
Intel_R_Xeon_R_Platinum_8358_CPU_2.60GHz,9,17.2941,phase3/data/hazel/Intel_R_Xeon_R_Platinum_8358_CPU_2.60GHz/assoc_9.txt
Intel_R_Xeon_R_Platinum_8358_CPU_2.60GHz,10,14.4826,phase3/data/hazel/Intel_R_Xeon_R_Platinum_8358_CPU_2.60GHz/assoc_10.txt
Intel_R_Xeon_R_Platinum_8358_CPU_2.60GHz,12,14.1491,phase3/data/hazel/Intel_R_Xeon_R_Platinum_8358_CPU_2.60GHz/assoc_12.txt
Intel_R_Xeon_R_Platinum_8358_CPU_2.60GHz,16,30.6686,phase3/data/hazel/Intel_R_Xeon_R_Platinum_8358_CPU_2.60GHz/assoc_16.txt
Intel_R_Xeon_R_Platinum_8358_CPU_2.60GHz,24,29.5049,phase3/data/hazel/Intel_R_Xeon_R_Platinum_8358_CPU_2.60GHz/assoc_24.txt
Intel_R_Xeon_R_Platinum_8358_CPU_2.60GHz,32,34.6973,phase3/data/hazel/Intel_R_Xeon_R_Platinum_8358_CPU_2.60GHz/assoc_32.txt
Intel_R_Xeon_R_Platinum_8358_CPU_2.60GHz,48,26.6998,phase3/data/hazel/Intel_R_Xeon_R_Platinum_8358_CPU_2.60GHz/assoc_48.txt
Intel_R_Xeon_R_Platinum_8358_CPU_2.60GHz,64,29.1555,phase3/data/hazel/Intel_R_Xeon_R_Platinum_8358_CPU_2.60GHz/assoc_64.txt
Intel_R_Xeon_R_Platinum_8462Y+,1,23.9045,phase3/data/hazel/Intel_R_Xeon_R_Platinum_8462Y+/assoc_1.txt
Intel_R_Xeon_R_Platinum_8462Y+,2,30.1071,phase3/data/hazel/Intel_R_Xeon_R_Platinum_8462Y+/assoc_2.txt
Intel_R_Xeon_R_Platinum_8462Y+,3,15.6833,phase3/data/hazel/Intel_R_Xeon_R_Platinum_8462Y+/assoc_3.txt
Intel_R_Xeon_R_Platinum_8462Y+,4,22.2871,phase3/data/hazel/Intel_R_Xeon_R_Platinum_8462Y+/assoc_4.txt
Intel_R_Xeon_R_Platinum_8462Y+,5,17.8858,phase3/data/hazel/Intel_R_Xeon_R_Platinum_8462Y+/assoc_5.txt
Intel_R_Xeon_R_Platinum_8462Y+,6,18.3153,phase3/data/hazel/Intel_R_Xeon_R_Platinum_8462Y+/assoc_6.txt
Intel_R_Xeon_R_Platinum_8462Y+,7,13.8445,phase3/data/hazel/Intel_R_Xeon_R_Platinum_8462Y+/assoc_7.txt
Intel_R_Xeon_R_Platinum_8462Y+,8,26.1583,phase3/data/hazel/Intel_R_Xeon_R_Platinum_8462Y+/assoc_8.txt
Intel_R_Xeon_R_Platinum_8462Y+,9,20.7932,phase3/data/hazel/Intel_R_Xeon_R_Platinum_8462Y+/assoc_9.txt
Intel_R_Xeon_R_Platinum_8462Y+,10,14.1903,phase3/data/hazel/Intel_R_Xeon_R_Platinum_8462Y+/assoc_10.txt
Intel_R_Xeon_R_Platinum_8462Y+,12,30.9326,phase3/data/hazel/Intel_R_Xeon_R_Platinum_8462Y+/assoc_12.txt
Intel_R_Xeon_R_Platinum_8462Y+,16,34.9812,phase3/data/hazel/Intel_R_Xeon_R_Platinum_8462Y+/assoc_16.txt
Intel_R_Xeon_R_Platinum_8462Y+,24,39.8943,phase3/data/hazel/Intel_R_Xeon_R_Platinum_8462Y+/assoc_24.txt
Intel_R_Xeon_R_Platinum_8462Y+,32,48.1577,phase3/data/hazel/Intel_R_Xeon_R_Platinum_8462Y+/assoc_32.txt
Intel_R_Xeon_R_Platinum_8462Y+,48,45.5365,phase3/data/hazel/Intel_R_Xeon_R_Platinum_8462Y+/assoc_48.txt
Intel_R_Xeon_R_Platinum_8462Y+,64,41.3389,phase3/data/hazel/Intel_R_Xeon_R_Platinum_8462Y+/assoc_64.txt
