machine,offset_bytes,timer_units_per_access,file
AMD_EPYC_9654_96-Core_Processor,16,288.0,phase3/data/hazel/AMD_EPYC_9654_96-Core_Processor/line_size_16.txt
AMD_EPYC_9654_96-Core_Processor,24,312.0,phase3/data/hazel/AMD_EPYC_9654_96-Core_Processor/line_size_24.txt
AMD_EPYC_9654_96-Core_Processor,32,288.0,phase3/data/hazel/AMD_EPYC_9654_96-Core_Processor/line_size_32.txt
AMD_EPYC_9654_96-Core_Processor,40,312.0,phase3/data/hazel/AMD_EPYC_9654_96-Core_Processor/line_size_40.txt
AMD_EPYC_9654_96-Core_Processor,48,336.0,phase3/data/hazel/AMD_EPYC_9654_96-Core_Processor/line_size_48.txt
AMD_EPYC_9654_96-Core_Processor,56,336.0,phase3/data/hazel/AMD_EPYC_9654_96-Core_Processor/line_size_56.txt
AMD_EPYC_9654_96-Core_Processor,64,576.0,phase3/data/hazel/AMD_EPYC_9654_96-Core_Processor/line_size_64.txt
AMD_EPYC_9654_96-Core_Processor,72,624.0,phase3/data/hazel/AMD_EPYC_9654_96-Core_Processor/line_size_72.txt
AMD_EPYC_9654_96-Core_Processor,80,624.0,phase3/data/hazel/AMD_EPYC_9654_96-Core_Processor/line_size_80.txt
AMD_EPYC_9654_96-Core_Processor,88,576.0,phase3/data/hazel/AMD_EPYC_9654_96-Core_Processor/line_size_88.txt
AMD_EPYC_9654_96-Core_Processor,96,624.0,phase3/data/hazel/AMD_EPYC_9654_96-Core_Processor/line_size_96.txt
AMD_EPYC_9654_96-Core_Processor,104,552.0,phase3/data/hazel/AMD_EPYC_9654_96-Core_Processor/line_size_104.txt
AMD_EPYC_9654_96-Core_Processor,112,624.0,phase3/data/hazel/AMD_EPYC_9654_96-Core_Processor/line_size_112.txt
AMD_EPYC_9654_96-Core_Processor,120,624.0,phase3/data/hazel/AMD_EPYC_9654_96-Core_Processor/line_size_120.txt
AMD_EPYC_9654_96-Core_Processor,128,576.0,phase3/data/hazel/AMD_EPYC_9654_96-Core_Processor/line_size_128.txt
AMD_EPYC_9654_96-Core_Processor,144,576.0,phase3/data/hazel/AMD_EPYC_9654_96-Core_Processor/line_size_144.txt
AMD_EPYC_9654_96-Core_Processor,160,552.0,phase3/data/hazel/AMD_EPYC_9654_96-Core_Processor/line_size_160.txt
AMD_EPYC_9654_96-Core_Processor,192,576.0,phase3/data/hazel/AMD_EPYC_9654_96-Core_Processor/line_size_192.txt
AMD_EPYC_9654_96-Core_Processor,224,576.0,phase3/data/hazel/AMD_EPYC_9654_96-Core_Processor/line_size_224.txt
AMD_EPYC_9655_96-Core_Processor,16,624.0,phase3/data/hazel/AMD_EPYC_9655_96-Core_Processor/line_size_16.txt
AMD_EPYC_9655_96-Core_Processor,24,572.0,phase3/data/hazel/AMD_EPYC_9655_96-Core_Processor/line_size_24.txt
AMD_EPYC_9655_96-Core_Processor,32,442.0,phase3/data/hazel/AMD_EPYC_9655_96-Core_Processor/line_size_32.txt
AMD_EPYC_9655_96-Core_Processor,40,520.0,phase3/data/hazel/AMD_EPYC_9655_96-Core_Processor/line_size_40.txt
AMD_EPYC_9655_96-Core_Processor,48,442.0,phase3/data/hazel/AMD_EPYC_9655_96-Core_Processor/line_size_48.txt
AMD_EPYC_9655_96-Core_Processor,56,442.0,phase3/data/hazel/AMD_EPYC_9655_96-Core_Processor/line_size_56.txt
AMD_EPYC_9655_96-Core_Processor,64,858.0,phase3/data/hazel/AMD_EPYC_9655_96-Core_Processor/line_size_64.txt
AMD_EPYC_9655_96-Core_Processor,72,884.0,phase3/data/hazel/AMD_EPYC_9655_96-Core_Processor/line_size_72.txt
AMD_EPYC_9655_96-Core_Processor,80,702.0,phase3/data/hazel/AMD_EPYC_9655_96-Core_Processor/line_size_80.txt
AMD_EPYC_9655_96-Core_Processor,88,702.0,phase3/data/hazel/AMD_EPYC_9655_96-Core_Processor/line_size_88.txt
AMD_EPYC_9655_96-Core_Processor,96,702.0,phase3/data/hazel/AMD_EPYC_9655_96-Core_Processor/line_size_96.txt
AMD_EPYC_9655_96-Core_Processor,104,858.0,phase3/data/hazel/AMD_EPYC_9655_96-Core_Processor/line_size_104.txt
AMD_EPYC_9655_96-Core_Processor,112,650.0,phase3/data/hazel/AMD_EPYC_9655_96-Core_Processor/line_size_112.txt
AMD_EPYC_9655_96-Core_Processor,120,1066.0,phase3/data/hazel/AMD_EPYC_9655_96-Core_Processor/line_size_120.txt
AMD_EPYC_9655_96-Core_Processor,128,780.0,phase3/data/hazel/AMD_EPYC_9655_96-Core_Processor/line_size_128.txt
AMD_EPYC_9655_96-Core_Processor,144,702.0,phase3/data/hazel/AMD_EPYC_9655_96-Core_Processor/line_size_144.txt
AMD_EPYC_9655_96-Core_Processor,160,780.0,phase3/data/hazel/AMD_EPYC_9655_96-Core_Processor/line_size_160.txt
AMD_EPYC_9655_96-Core_Processor,192,780.0,phase3/data/hazel/AMD_EPYC_9655_96-Core_Processor/line_size_192.txt
AMD_EPYC_9655_96-Core_Processor,224,884.0,phase3/data/hazel/AMD_EPYC_9655_96-Core_Processor/line_size_224.txt
Intel_R_Xeon_R_CPU_E5-2650_v3_2.30GHz,16,221.0,phase3/data/hazel/Intel_R_Xeon_R_CPU_E5-2650_v3_2.30GHz/line_size_16.txt
Intel_R_Xeon_R_CPU_E5-2650_v3_2.30GHz,24,227.0,phase3/data/hazel/Intel_R_Xeon_R_CPU_E5-2650_v3_2.30GHz/line_size_24.txt
Intel_R_Xeon_R_CPU_E5-2650_v3_2.30GHz,32,212.0,phase3/data/hazel/Intel_R_Xeon_R_CPU_E5-2650_v3_2.30GHz/line_size_32.txt
Intel_R_Xeon_R_CPU_E5-2650_v3_2.30GHz,40,227.0,phase3/data/hazel/Intel_R_Xeon_R_CPU_E5-2650_v3_2.30GHz/line_size_40.txt
Intel_R_Xeon_R_CPU_E5-2650_v3_2.30GHz,48,230.0,phase3/data/hazel/Intel_R_Xeon_R_CPU_E5-2650_v3_2.30GHz/line_size_48.txt
Intel_R_Xeon_R_CPU_E5-2650_v3_2.30GHz,56,227.0,phase3/data/hazel/Intel_R_Xeon_R_CPU_E5-2650_v3_2.30GHz/line_size_56.txt
Intel_R_Xeon_R_CPU_E5-2650_v3_2.30GHz,64,414.0,phase3/data/hazel/Intel_R_Xeon_R_CPU_E5-2650_v3_2.30GHz/line_size_64.txt
Intel_R_Xeon_R_CPU_E5-2650_v3_2.30GHz,72,408.0,phase3/data/hazel/Intel_R_Xeon_R_CPU_E5-2650_v3_2.30GHz/line_size_72.txt
Intel_R_Xeon_R_CPU_E5-2650_v3_2.30GHz,80,408.0,phase3/data/hazel/Intel_R_Xeon_R_CPU_E5-2650_v3_2.30GHz/line_size_80.txt
Intel_R_Xeon_R_CPU_E5-2650_v3_2.30GHz,88,405.0,phase3/data/hazel/Intel_R_Xeon_R_CPU_E5-2650_v3_2.30GHz/line_size_88.txt
Intel_R_Xeon_R_CPU_E5-2650_v3_2.30GHz,96,411.0,phase3/data/hazel/Intel_R_Xeon_R_CPU_E5-2650_v3_2.30GHz/line_size_96.txt
Intel_R_Xeon_R_CPU_E5-2650_v3_2.30GHz,104,408.0,phase3/data/hazel/Intel_R_Xeon_R_CPU_E5-2650_v3_2.30GHz/line_size_104.txt
Intel_R_Xeon_R_CPU_E5-2650_v3_2.30GHz,112,411.0,phase3/data/hazel/Intel_R_Xeon_R_CPU_E5-2650_v3_2.30GHz/line_size_112.txt
Intel_R_Xeon_R_CPU_E5-2650_v3_2.30GHz,120,414.0,phase3/data/hazel/Intel_R_Xeon_R_CPU_E5-2650_v3_2.30GHz/line_size_120.txt
Intel_R_Xeon_R_CPU_E5-2650_v3_2.30GHz,128,420.0,phase3/data/hazel/Intel_R_Xeon_R_CPU_E5-2650_v3_2.30GHz/line_size_128.txt
Intel_R_Xeon_R_CPU_E5-2650_v3_2.30GHz,144,423.0,phase3/data/hazel/Intel_R_Xeon_R_CPU_E5-2650_v3_2.30GHz/line_size_144.txt
Intel_R_Xeon_R_CPU_E5-2650_v3_2.30GHz,160,411.0,phase3/data/hazel/Intel_R_Xeon_R_CPU_E5-2650_v3_2.30GHz/line_size_160.txt
Intel_R_Xeon_R_CPU_E5-2650_v3_2.30GHz,192,402.0,phase3/data/hazel/Intel_R_Xeon_R_CPU_E5-2650_v3_2.30GHz/line_size_192.txt
Intel_R_Xeon_R_CPU_E5-2650_v3_2.30GHz,224,430.0,phase3/data/hazel/Intel_R_Xeon_R_CPU_E5-2650_v3_2.30GHz/line_size_224.txt
Intel_R_Xeon_R_CPU_E5-2650_v4_2.20GHz,16,192.0,phase3/data/hazel/Intel_R_Xeon_R_CPU_E5-2650_v4_2.20GHz/line_size_16.txt
Intel_R_Xeon_R_CPU_E5-2650_v4_2.20GHz,24,194.0,phase3/data/hazel/Intel_R_Xeon_R_CPU_E5-2650_v4_2.20GHz/line_size_24.txt
Intel_R_Xeon_R_CPU_E5-2650_v4_2.20GHz,32,194.0,phase3/data/hazel/Intel_R_Xeon_R_CPU_E5-2650_v4_2.20GHz/line_size_32.txt
Intel_R_Xeon_R_CPU_E5-2650_v4_2.20GHz,40,179.0,phase3/data/hazel/Intel_R_Xeon_R_CPU_E5-2650_v4_2.20GHz/line_size_40.txt
Intel_R_Xeon_R_CPU_E5-2650_v4_2.20GHz,48,197.0,phase3/data/hazel/Intel_R_Xeon_R_CPU_E5-2650_v4_2.20GHz/line_size_48.txt
Intel_R_Xeon_R_CPU_E5-2650_v4_2.20GHz,56,197.0,phase3/data/hazel/Intel_R_Xeon_R_CPU_E5-2650_v4_2.20GHz/line_size_56.txt
Intel_R_Xeon_R_CPU_E5-2650_v4_2.20GHz,64,345.0,phase3/data/hazel/Intel_R_Xeon_R_CPU_E5-2650_v4_2.20GHz/line_size_64.txt
Intel_R_Xeon_R_CPU_E5-2650_v4_2.20GHz,72,346.0,phase3/data/hazel/Intel_R_Xeon_R_CPU_E5-2650_v4_2.20GHz/line_size_72.txt
Intel_R_Xeon_R_CPU_E5-2650_v4_2.20GHz,80,355.0,phase3/data/hazel/Intel_R_Xeon_R_CPU_E5-2650_v4_2.20GHz/line_size_80.txt
Intel_R_Xeon_R_CPU_E5-2650_v4_2.20GHz,88,361.0,phase3/data/hazel/Intel_R_Xeon_R_CPU_E5-2650_v4_2.20GHz/line_size_88.txt
Intel_R_Xeon_R_CPU_E5-2650_v4_2.20GHz,96,358.0,phase3/data/hazel/Intel_R_Xeon_R_CPU_E5-2650_v4_2.20GHz/line_size_96.txt
Intel_R_Xeon_R_CPU_E5-2650_v4_2.20GHz,104,352.0,phase3/data/hazel/Intel_R_Xeon_R_CPU_E5-2650_v4_2.20GHz/line_size_104.txt
Intel_R_Xeon_R_CPU_E5-2650_v4_2.20GHz,112,358.0,phase3/data/hazel/Intel_R_Xeon_R_CPU_E5-2650_v4_2.20GHz/line_size_112.txt
Intel_R_Xeon_R_CPU_E5-2650_v4_2.20GHz,120,346.0,phase3/data/hazel/Intel_R_Xeon_R_CPU_E5-2650_v4_2.20GHz/line_size_120.txt
Intel_R_Xeon_R_CPU_E5-2650_v4_2.20GHz,128,352.0,phase3/data/hazel/Intel_R_Xeon_R_CPU_E5-2650_v4_2.20GHz/line_size_128.txt
Intel_R_Xeon_R_CPU_E5-2650_v4_2.20GHz,144,337.0,phase3/data/hazel/Intel_R_Xeon_R_CPU_E5-2650_v4_2.20GHz/line_size_144.txt
Intel_R_Xeon_R_CPU_E5-2650_v4_2.20GHz,160,358.0,phase3/data/hazel/Intel_R_Xeon_R_CPU_E5-2650_v4_2.20GHz/line_size_160.txt
Intel_R_Xeon_R_CPU_E5-2650_v4_2.20GHz,192,340.0,phase3/data/hazel/Intel_R_Xeon_R_CPU_E5-2650_v4_2.20GHz/line_size_192.txt
Intel_R_Xeon_R_CPU_E5-2650_v4_2.20GHz,224,343.0,phase3/data/hazel/Intel_R_Xeon_R_CPU_E5-2650_v4_2.20GHz/line_size_224.txt
Intel_R_Xeon_R_Gold_6326_CPU_2.90GHz,16,446.0,phase3/data/hazel/Intel_R_Xeon_R_Gold_6326_CPU_2.90GHz/line_size_16.txt
Intel_R_Xeon_R_Gold_6326_CPU_2.90GHz,24,420.0,phase3/data/hazel/Intel_R_Xeon_R_Gold_6326_CPU_2.90GHz/line_size_24.txt
Intel_R_Xeon_R_Gold_6326_CPU_2.90GHz,32,226.0,phase3/data/hazel/Intel_R_Xeon_R_Gold_6326_CPU_2.90GHz/line_size_32.txt
Intel_R_Xeon_R_Gold_6326_CPU_2.90GHz,40,208.0,phase3/data/hazel/Intel_R_Xeon_R_Gold_6326_CPU_2.90GHz/line_size_40.txt
Intel_R_Xeon_R_Gold_6326_CPU_2.90GHz,48,218.0,phase3/data/hazel/Intel_R_Xeon_R_Gold_6326_CPU_2.90GHz/line_size_48.txt
Intel_R_Xeon_R_Gold_6326_CPU_2.90GHz,56,218.0,phase3/data/hazel/Intel_R_Xeon_R_Gold_6326_CPU_2.90GHz/line_size_56.txt
Intel_R_Xeon_R_Gold_6326_CPU_2.90GHz,64,230.0,phase3/data/hazel/Intel_R_Xeon_R_Gold_6326_CPU_2.90GHz/line_size_64.txt
Intel_R_Xeon_R_Gold_6326_CPU_2.90GHz,72,220.0,phase3/data/hazel/Intel_R_Xeon_R_Gold_6326_CPU_2.90GHz/line_size_72.txt
Intel_R_Xeon_R_Gold_6326_CPU_2.90GHz,80,230.0,phase3/data/hazel/Intel_R_Xeon_R_Gold_6326_CPU_2.90GHz/line_size_80.txt
Intel_R_Xeon_R_Gold_6326_CPU_2.90GHz,88,220.0,phase3/data/hazel/Intel_R_Xeon_R_Gold_6326_CPU_2.90GHz/line_size_88.txt
Intel_R_Xeon_R_Gold_6326_CPU_2.90GHz,96,220.0,phase3/data/hazel/Intel_R_Xeon_R_Gold_6326_CPU_2.90GHz/line_size_96.txt
Intel_R_Xeon_R_Gold_6326_CPU_2.90GHz,104,212.0,phase3/data/hazel/Intel_R_Xeon_R_Gold_6326_CPU_2.90GHz/line_size_104.txt
Intel_R_Xeon_R_Gold_6326_CPU_2.90GHz,112,238.0,phase3/data/hazel/Intel_R_Xeon_R_Gold_6326_CPU_2.90GHz/line_size_112.txt
Intel_R_Xeon_R_Gold_6326_CPU_2.90GHz,120,212.0,phase3/data/hazel/Intel_R_Xeon_R_Gold_6326_CPU_2.90GHz/line_size_120.txt
Intel_R_Xeon_R_Gold_6326_CPU_2.90GHz,128,380.0,phase3/data/hazel/Intel_R_Xeon_R_Gold_6326_CPU_2.90GHz/line_size_128.txt
Intel_R_Xeon_R_Gold_6326_CPU_2.90GHz,144,398.0,phase3/data/hazel/Intel_R_Xeon_R_Gold_6326_CPU_2.90GHz/line_size_144.txt
Intel_R_Xeon_R_Gold_6326_CPU_2.90GHz,160,368.0,phase3/data/hazel/Intel_R_Xeon_R_Gold_6326_CPU_2.90GHz/line_size_160.txt
Intel_R_Xeon_R_Gold_6326_CPU_2.90GHz,192,390.0,phase3/data/hazel/Intel_R_Xeon_R_Gold_6326_CPU_2.90GHz/line_size_192.txt
Intel_R_Xeon_R_Gold_6326_CPU_2.90GHz,224,394.0,phase3/data/hazel/Intel_R_Xeon_R_Gold_6326_CPU_2.90GHz/line_size_224.txt
Intel_R_Xeon_R_Platinum_8358_CPU_2.60GHz,16,192.0,phase3/data/hazel/Intel_R_Xeon_R_Platinum_8358_CPU_2.60GHz/line_size_16.txt
Intel_R_Xeon_R_Platinum_8358_CPU_2.60GHz,24,200.0,phase3/data/hazel/Intel_R_Xeon_R_Platinum_8358_CPU_2.60GHz/line_size_24.txt
Intel_R_Xeon_R_Platinum_8358_CPU_2.60GHz,32,192.0,phase3/data/hazel/Intel_R_Xeon_R_Platinum_8358_CPU_2.60GHz/line_size_32.txt
Intel_R_Xeon_R_Platinum_8358_CPU_2.60GHz,40,228.0,phase3/data/hazel/Intel_R_Xeon_R_Platinum_8358_CPU_2.60GHz/line_size_40.txt
Intel_R_Xeon_R_Platinum_8358_CPU_2.60GHz,48,248.0,phase3/data/hazel/Intel_R_Xeon_R_Platinum_8358_CPU_2.60GHz/line_size_48.txt
Intel_R_Xeon_R_Platinum_8358_CPU_2.60GHz,56,212.0,phase3/data/hazel/Intel_R_Xeon_R_Platinum_8358_CPU_2.60GHz/line_size_56.txt
Intel_R_Xeon_R_Platinum_8358_CPU_2.60GHz,64,260.0,phase3/data/hazel/Intel_R_Xeon_R_Platinum_8358_CPU_2.60GHz/line_size_64.txt
Intel_R_Xeon_R_Platinum_8358_CPU_2.60GHz,72,194.0,phase3/data/hazel/Intel_R_Xeon_R_Platinum_8358_CPU_2.60GHz/line_size_72.txt
Intel_R_Xeon_R_Platinum_8358_CPU_2.60GHz,80,192.0,phase3/data/hazel/Intel_R_Xeon_R_Platinum_8358_CPU_2.60GHz/line_size_80.txt
Intel_R_Xeon_R_Platinum_8358_CPU_2.60GHz,88,220.0,phase3/data/hazel/Intel_R_Xeon_R_Platinum_8358_CPU_2.60GHz/line_size_88.txt
Intel_R_Xeon_R_Platinum_8358_CPU_2.60GHz,96,220.0,phase3/data/hazel/Intel_R_Xeon_R_Platinum_8358_CPU_2.60GHz/line_size_96.txt
Intel_R_Xeon_R_Platinum_8358_CPU_2.60GHz,104,220.0,phase3/data/hazel/Intel_R_Xeon_R_Platinum_8358_CPU_2.60GHz/line_size_104.txt
Intel_R_Xeon_R_Platinum_8358_CPU_2.60GHz,112,260.0,phase3/data/hazel/Intel_R_Xeon_R_Platinum_8358_CPU_2.60GHz/line_size_112.txt
Intel_R_Xeon_R_Platinum_8358_CPU_2.60GHz,120,230.0,phase3/data/hazel/Intel_R_Xeon_R_Platinum_8358_CPU_2.60GHz/line_size_120.txt
Intel_R_Xeon_R_Platinum_8358_CPU_2.60GHz,128,460.0,phase3/data/hazel/Intel_R_Xeon_R_Platinum_8358_CPU_2.60GHz/line_size_128.txt
Intel_R_Xeon_R_Platinum_8358_CPU_2.60GHz,144,534.0,phase3/data/hazel/Intel_R_Xeon_R_Platinum_8358_CPU_2.60GHz/line_size_144.txt
Intel_R_Xeon_R_Platinum_8358_CPU_2.60GHz,160,540.0,phase3/data/hazel/Intel_R_Xeon_R_Platinum_8358_CPU_2.60GHz/line_size_160.txt
Intel_R_Xeon_R_Platinum_8358_CPU_2.60GHz,192,362.0,phase3/data/hazel/Intel_R_Xeon_R_Platinum_8358_CPU_2.60GHz/line_size_192.txt
Intel_R_Xeon_R_Platinum_8358_CPU_2.60GHz,224,362.0,phase3/data/hazel/Intel_R_Xeon_R_Platinum_8358_CPU_2.60GHz/line_size_224.txt
Intel_R_Xeon_R_Platinum_8462Y+,16,478.0,phase3/data/hazel/Intel_R_Xeon_R_Platinum_8462Y+/line_size_16.txt
Intel_R_Xeon_R_Platinum_8462Y+,24,482.0,phase3/data/hazel/Intel_R_Xeon_R_Platinum_8462Y+/line_size_24.txt
Intel_R_Xeon_R_Platinum_8462Y+,32,532.0,phase3/data/hazel/Intel_R_Xeon_R_Platinum_8462Y+/line_size_32.txt
Intel_R_Xeon_R_Platinum_8462Y+,40,296.0,phase3/data/hazel/Intel_R_Xeon_R_Platinum_8462Y+/line_size_40.txt
Intel_R_Xeon_R_Platinum_8462Y+,48,294.0,phase3/data/hazel/Intel_R_Xeon_R_Platinum_8462Y+/line_size_48.txt
Intel_R_Xeon_R_Platinum_8462Y+,56,272.0,phase3/data/hazel/Intel_R_Xeon_R_Platinum_8462Y+/line_size_56.txt
Intel_R_Xeon_R_Platinum_8462Y+,64,564.0,phase3/data/hazel/Intel_R_Xeon_R_Platinum_8462Y+/line_size_64.txt
Intel_R_Xeon_R_Platinum_8462Y+,72,526.0,phase3/data/hazel/Intel_R_Xeon_R_Platinum_8462Y+/line_size_72.txt
Intel_R_Xeon_R_Platinum_8462Y+,80,494.0,phase3/data/hazel/Intel_R_Xeon_R_Platinum_8462Y+/line_size_80.txt
Intel_R_Xeon_R_Platinum_8462Y+,88,546.0,phase3/data/hazel/Intel_R_Xeon_R_Platinum_8462Y+/line_size_88.txt
Intel_R_Xeon_R_Platinum_8462Y+,96,564.0,phase3/data/hazel/Intel_R_Xeon_R_Platinum_8462Y+/line_size_96.txt
Intel_R_Xeon_R_Platinum_8462Y+,104,564.0,phase3/data/hazel/Intel_R_Xeon_R_Platinum_8462Y+/line_size_104.txt
Intel_R_Xeon_R_Platinum_8462Y+,112,566.0,phase3/data/hazel/Intel_R_Xeon_R_Platinum_8462Y+/line_size_112.txt
Intel_R_Xeon_R_Platinum_8462Y+,120,538.0,phase3/data/hazel/Intel_R_Xeon_R_Platinum_8462Y+/line_size_120.txt
Intel_R_Xeon_R_Platinum_8462Y+,128,548.0,phase3/data/hazel/Intel_R_Xeon_R_Platinum_8462Y+/line_size_128.txt
Intel_R_Xeon_R_Platinum_8462Y+,144,616.0,phase3/data/hazel/Intel_R_Xeon_R_Platinum_8462Y+/line_size_144.txt
Intel_R_Xeon_R_Platinum_8462Y+,160,576.0,phase3/data/hazel/Intel_R_Xeon_R_Platinum_8462Y+/line_size_160.txt
Intel_R_Xeon_R_Platinum_8462Y+,192,548.0,phase3/data/hazel/Intel_R_Xeon_R_Platinum_8462Y+/line_size_192.txt
Intel_R_Xeon_R_Platinum_8462Y+,224,534.0,phase3/data/hazel/Intel_R_Xeon_R_Platinum_8462Y+/line_size_224.txt
