file,n,median_total,mean_total,std_total,q1_total,q3_total,p5_total,p95_total,min_total,max_total,median_per_access,mean_per_access
assoc_1.txt,1000000,3168.0,3201.359808,869.961543597929,3168.0,3192.0,3168.0,3192.0,3144.0,488880.0,3.168,3.2013598080000003
assoc_10.txt,1000000,8112.0,8185.654032,3406.9304252586467,8112.0,8112.0,8112.0,8160.0,7824.0,3169104.0,8.112,8.185654032
assoc_12.txt,1000000,8280.0,8355.591072,1359.9837739376735,8280.0,8304.0,8256.0,8304.0,7728.0,497688.0,8.28,8.355591072
assoc_16.txt,1000000,8232.0,8303.372736,1278.4662006105991,8208.0,8232.0,8208.0,8232.0,8208.0,497808.0,8.232,8.303372736
assoc_2.txt,1000000,3168.0,3197.065272,528.7345092763923,3168.0,3192.0,3168.0,3192.0,3144.0,488904.0,3.168,3.1970652719999997
assoc_24.txt,1000000,8160.0,8233.93704,3491.5006168357745,8160.0,8160.0,8136.0,8184.0,8136.0,3185424.0,8.16,8.23393704
assoc_32.txt,1000000,8112.0,8180.828592,1311.2656946160907,8088.0,8112.0,8088.0,8112.0,8088.0,533544.0,8.112,8.180828592
assoc_4.txt,1000000,3168.0,3199.755504,725.7844778340292,3168.0,3192.0,3168.0,3192.0,3144.0,492768.0,3.168,3.199755504
assoc_6.txt,1000000,3192.0,3226.730664,722.0027385170181,3192.0,3216.0,3192.0,3240.0,3168.0,488568.0,3.192,3.226730664
assoc_8.txt,1000000,3360.0,3383.235768,3219.9928662851885,3336.0,3360.0,3288.0,3432.0,3168.0,3176232.0,3.36,3.383235768
assoc_9.txt,1000000,8136.0,8210.47824,1371.3480571328334,8040.0,8256.0,7896.0,8424.0,7776.0,502104.0,8.136,8.21047824
