machine,working_set_bytes,working_set_kib,samples,median_timer_units,timer_units_per_access,min_timer_units,max_timer_units,file
AMD_EPYC_9654_96-Core_Processor,32768,32.0,1000000,8448.0,8.448,5568.0,31437768.0,phase3/data/hazel/AMD_EPYC_9654_96-Core_Processor/latency_32768.txt
AMD_EPYC_9654_96-Core_Processor,65536,64.0,1000000,17064.0,17.064,16896.0,23810424.0,phase3/data/hazel/AMD_EPYC_9654_96-Core_Processor/latency_65536.txt
AMD_EPYC_9654_96-Core_Processor,131072,128.0,1000000,17064.0,17.064,16920.0,23882592.0,phase3/data/hazel/AMD_EPYC_9654_96-Core_Processor/latency_131072.txt
AMD_EPYC_9654_96-Core_Processor,262144,256.0,1000000,17232.0,17.232,17016.0,20747160.0,phase3/data/hazel/AMD_EPYC_9654_96-Core_Processor/latency_262144.txt
AMD_EPYC_9654_96-Core_Processor,524288,512.0,1000000,21696.0,21.696,20952.0,19168944.0,phase3/data/hazel/AMD_EPYC_9654_96-Core_Processor/latency_524288.txt
AMD_EPYC_9654_96-Core_Processor,1048576,1024.0,1000000,38952.0,38.952,32208.0,12267408.0,phase3/data/hazel/AMD_EPYC_9654_96-Core_Processor/latency_1048576.txt
AMD_EPYC_9654_96-Core_Processor,2097152,2048.0,1000000,47256.0,47.256,43656.0,11974776.0,phase3/data/hazel/AMD_EPYC_9654_96-Core_Processor/latency_2097152.txt
AMD_EPYC_9654_96-Core_Processor,4194304,4096.0,1000000,53952.0,53.952,51432.0,11962920.0,phase3/data/hazel/AMD_EPYC_9654_96-Core_Processor/latency_4194304.txt
AMD_EPYC_9654_96-Core_Processor,8388608,8192.0,1000000,63912.0,63.912,54888.0,12261696.0,phase3/data/hazel/AMD_EPYC_9654_96-Core_Processor/latency_8388608.txt
AMD_EPYC_9654_96-Core_Processor,16777216,16384.0,1000000,76248.0,76.248,58248.0,12021264.0,phase3/data/hazel/AMD_EPYC_9654_96-Core_Processor/latency_16777216.txt
AMD_EPYC_9654_96-Core_Processor,33554432,32768.0,1000000,111336.0,111.336,86136.0,10488648.0,phase3/data/hazel/AMD_EPYC_9654_96-Core_Processor/latency_33554432.txt
AMD_EPYC_9654_96-Core_Processor,67108864,65536.0,1000000,233208.0,233.208,210672.0,10661304.0,phase3/data/hazel/AMD_EPYC_9654_96-Core_Processor/latency_67108864.txt
AMD_EPYC_9654_96-Core_Processor,134217728,131072.0,1000000,283272.0,283.272,264312.0,10589664.0,phase3/data/hazel/AMD_EPYC_9654_96-Core_Processor/latency_134217728.txt
AMD_EPYC_9655_96-Core_Processor,32768,32.0,1000000,3172.0,3.172,3146.0,34131812.0,phase3/data/hazel/AMD_EPYC_9655_96-Core_Processor/latency_32768.txt
AMD_EPYC_9655_96-Core_Processor,65536,64.0,1000000,10972.0,10.972,10634.0,15304510.0,phase3/data/hazel/AMD_EPYC_9655_96-Core_Processor/latency_65536.txt
AMD_EPYC_9655_96-Core_Processor,131072,128.0,1000000,10972.0,10.972,10868.0,9304282.0,phase3/data/hazel/AMD_EPYC_9655_96-Core_Processor/latency_131072.txt
AMD_EPYC_9655_96-Core_Processor,262144,256.0,1000000,10972.0,10.972,10868.0,14248442.0,phase3/data/hazel/AMD_EPYC_9655_96-Core_Processor/latency_262144.txt
AMD_EPYC_9655_96-Core_Processor,524288,512.0,1000000,12532.0,12.532,12220.0,9481732.0,phase3/data/hazel/AMD_EPYC_9655_96-Core_Processor/latency_524288.txt
AMD_EPYC_9655_96-Core_Processor,1048576,1024.0,1000000,21268.0,21.268,17524.0,11200488.0,phase3/data/hazel/AMD_EPYC_9655_96-Core_Processor/latency_1048576.txt
AMD_EPYC_9655_96-Core_Processor,2097152,2048.0,1000000,29250.0,29.25,26260.0,5751200.0,phase3/data/hazel/AMD_EPYC_9655_96-Core_Processor/latency_2097152.txt
AMD_EPYC_9655_96-Core_Processor,4194304,4096.0,1000000,35542.0,35.542,33774.0,2658474.0,phase3/data/hazel/AMD_EPYC_9655_96-Core_Processor/latency_4194304.txt
AMD_EPYC_9655_96-Core_Processor,8388608,8192.0,1000000,37466.0,37.466,36296.0,4333212.0,phase3/data/hazel/AMD_EPYC_9655_96-Core_Processor/latency_8388608.txt
AMD_EPYC_9655_96-Core_Processor,16777216,16384.0,1000000,38584.0,38.584,37544.0,6804304.0,phase3/data/hazel/AMD_EPYC_9655_96-Core_Processor/latency_16777216.txt
AMD_EPYC_9655_96-Core_Processor,33554432,32768.0,1000000,46020.0,46.02,38662.0,6250062.0,phase3/data/hazel/AMD_EPYC_9655_96-Core_Processor/latency_33554432.txt
AMD_EPYC_9655_96-Core_Processor,67108864,65536.0,1000000,252356.0,252.356,187096.0,7234188.0,phase3/data/hazel/AMD_EPYC_9655_96-Core_Processor/latency_67108864.txt
AMD_EPYC_9655_96-Core_Processor,134217728,131072.0,1000000,325208.0,325.208,279890.0,7854938.0,phase3/data/hazel/AMD_EPYC_9655_96-Core_Processor/latency_134217728.txt
Intel_R_Xeon_R_CPU_E5-2650_v3_2.30GHz,32768,32.0,1000000,10835.0,10.835,9418.0,28589408.0,phase3/data/hazel/Intel_R_Xeon_R_CPU_E5-2650_v3_2.30GHz/latency_32768.txt
Intel_R_Xeon_R_CPU_E5-2650_v3_2.30GHz,65536,64.0,1000000,15152.0,15.152,15094.0,9346157.0,phase3/data/hazel/Intel_R_Xeon_R_CPU_E5-2650_v3_2.30GHz/latency_65536.txt
Intel_R_Xeon_R_CPU_E5-2650_v3_2.30GHz,131072,128.0,1000000,15146.0,15.146,14030.0,13861294.0,phase3/data/hazel/Intel_R_Xeon_R_CPU_E5-2650_v3_2.30GHz/latency_131072.txt
Intel_R_Xeon_R_CPU_E5-2650_v3_2.30GHz,262144,256.0,1000000,29226.0,29.226,26284.0,14041561.0,phase3/data/hazel/Intel_R_Xeon_R_CPU_E5-2650_v3_2.30GHz/latency_262144.txt
Intel_R_Xeon_R_CPU_E5-2650_v3_2.30GHz,524288,512.0,1000000,46963.0,46.963,44459.0,4918209.0,phase3/data/hazel/Intel_R_Xeon_R_CPU_E5-2650_v3_2.30GHz/latency_524288.txt
Intel_R_Xeon_R_CPU_E5-2650_v3_2.30GHz,1048576,1024.0,1000000,48727.0,48.727,47791.0,5067332.0,phase3/data/hazel/Intel_R_Xeon_R_CPU_E5-2650_v3_2.30GHz/latency_1048576.txt
Intel_R_Xeon_R_CPU_E5-2650_v3_2.30GHz,2097152,2048.0,1000000,43375.0,43.375,42439.0,4791841.0,phase3/data/hazel/Intel_R_Xeon_R_CPU_E5-2650_v3_2.30GHz/latency_2097152.txt
Intel_R_Xeon_R_CPU_E5-2650_v3_2.30GHz,4194304,4096.0,1000000,43409.0,43.409,42412.0,4865147.0,phase3/data/hazel/Intel_R_Xeon_R_CPU_E5-2650_v3_2.30GHz/latency_4194304.txt
Intel_R_Xeon_R_CPU_E5-2650_v3_2.30GHz,8388608,8192.0,1000000,44181.0,44.181,42385.0,5141610.0,phase3/data/hazel/Intel_R_Xeon_R_CPU_E5-2650_v3_2.30GHz/latency_8388608.txt
Intel_R_Xeon_R_CPU_E5-2650_v3_2.30GHz,16777216,16384.0,1000000,198330.0,198.33,81184.0,4508337.0,phase3/data/hazel/Intel_R_Xeon_R_CPU_E5-2650_v3_2.30GHz/latency_16777216.txt
Intel_R_Xeon_R_CPU_E5-2650_v3_2.30GHz,33554432,32768.0,1000000,210180.0,210.18,200241.0,4245052.0,phase3/data/hazel/Intel_R_Xeon_R_CPU_E5-2650_v3_2.30GHz/latency_33554432.txt
Intel_R_Xeon_R_CPU_E5-2650_v3_2.30GHz,67108864,65536.0,1000000,210002.0,210.002,202204.0,4618461.0,phase3/data/hazel/Intel_R_Xeon_R_CPU_E5-2650_v3_2.30GHz/latency_67108864.txt
Intel_R_Xeon_R_CPU_E5-2650_v3_2.30GHz,134217728,131072.0,1000000,213624.0,213.624,205634.0,4629707.0,phase3/data/hazel/Intel_R_Xeon_R_CPU_E5-2650_v3_2.30GHz/latency_134217728.txt
Intel_R_Xeon_R_CPU_E5-2650_v4_2.20GHz,32768,32.0,1000000,9255.0,9.255,8992.0,23309917.0,phase3/data/hazel/Intel_R_Xeon_R_CPU_E5-2650_v4_2.20GHz/latency_32768.txt
Intel_R_Xeon_R_CPU_E5-2650_v4_2.20GHz,65536,64.0,1000000,13003.0,13.003,12945.0,18976899.0,phase3/data/hazel/Intel_R_Xeon_R_CPU_E5-2650_v4_2.20GHz/latency_65536.txt
Intel_R_Xeon_R_CPU_E5-2650_v4_2.20GHz,131072,128.0,1000000,13006.0,13.006,12957.0,4829916.0,phase3/data/hazel/Intel_R_Xeon_R_CPU_E5-2650_v4_2.20GHz/latency_131072.txt
Intel_R_Xeon_R_CPU_E5-2650_v4_2.20GHz,262144,256.0,1000000,32408.0,32.408,31115.0,5203411.0,phase3/data/hazel/Intel_R_Xeon_R_CPU_E5-2650_v4_2.20GHz/latency_262144.txt
Intel_R_Xeon_R_CPU_E5-2650_v4_2.20GHz,524288,512.0,1000000,44519.0,44.519,43673.0,24422162.0,phase3/data/hazel/Intel_R_Xeon_R_CPU_E5-2650_v4_2.20GHz/latency_524288.txt
Intel_R_Xeon_R_CPU_E5-2650_v4_2.20GHz,1048576,1024.0,1000000,46191.0,46.191,45469.0,21612921.0,phase3/data/hazel/Intel_R_Xeon_R_CPU_E5-2650_v4_2.20GHz/latency_1048576.txt
Intel_R_Xeon_R_CPU_E5-2650_v4_2.20GHz,2097152,2048.0,1000000,41588.0,41.588,41008.0,5056917.0,phase3/data/hazel/Intel_R_Xeon_R_CPU_E5-2650_v4_2.20GHz/latency_2097152.txt
Intel_R_Xeon_R_CPU_E5-2650_v4_2.20GHz,4194304,4096.0,1000000,41590.0,41.59,40777.0,18452932.0,phase3/data/hazel/Intel_R_Xeon_R_CPU_E5-2650_v4_2.20GHz/latency_4194304.txt
Intel_R_Xeon_R_CPU_E5-2650_v4_2.20GHz,8388608,8192.0,1000000,41600.0,41.6,40887.0,21269847.0,phase3/data/hazel/Intel_R_Xeon_R_CPU_E5-2650_v4_2.20GHz/latency_8388608.txt
Intel_R_Xeon_R_CPU_E5-2650_v4_2.20GHz,16777216,16384.0,1000000,41603.0,41.603,40771.0,20748837.0,phase3/data/hazel/Intel_R_Xeon_R_CPU_E5-2650_v4_2.20GHz/latency_16777216.txt
Intel_R_Xeon_R_CPU_E5-2650_v4_2.20GHz,33554432,32768.0,1000000,77237.0,77.237,43666.0,5105071.0,phase3/data/hazel/Intel_R_Xeon_R_CPU_E5-2650_v4_2.20GHz/latency_33554432.txt
Intel_R_Xeon_R_CPU_E5-2650_v4_2.20GHz,67108864,65536.0,1000000,180597.0,180.597,172920.0,4573539.0,phase3/data/hazel/Intel_R_Xeon_R_CPU_E5-2650_v4_2.20GHz/latency_67108864.txt
Intel_R_Xeon_R_CPU_E5-2650_v4_2.20GHz,134217728,131072.0,1000000,183692.0,183.692,175860.0,4610248.0,phase3/data/hazel/Intel_R_Xeon_R_CPU_E5-2650_v4_2.20GHz/latency_134217728.txt
Intel_R_Xeon_R_Gold_6326_CPU_2.90GHz,32768,32.0,1000000,8304.0,8.304,5918.0,26495214.0,phase3/data/hazel/Intel_R_Xeon_R_Gold_6326_CPU_2.90GHz/latency_32768.txt
Intel_R_Xeon_R_Gold_6326_CPU_2.90GHz,65536,64.0,1000000,12984.0,12.984,12494.0,25697440.0,phase3/data/hazel/Intel_R_Xeon_R_Gold_6326_CPU_2.90GHz/latency_65536.txt
Intel_R_Xeon_R_Gold_6326_CPU_2.90GHz,131072,128.0,1000000,12992.0,12.992,12502.0,15308344.0,phase3/data/hazel/Intel_R_Xeon_R_Gold_6326_CPU_2.90GHz/latency_131072.txt
Intel_R_Xeon_R_Gold_6326_CPU_2.90GHz,262144,256.0,1000000,13246.0,13.246,12662.0,14803202.0,phase3/data/hazel/Intel_R_Xeon_R_Gold_6326_CPU_2.90GHz/latency_262144.txt
Intel_R_Xeon_R_Gold_6326_CPU_2.90GHz,524288,512.0,1000000,16078.0,16.078,15326.0,14424242.0,phase3/data/hazel/Intel_R_Xeon_R_Gold_6326_CPU_2.90GHz/latency_524288.txt
Intel_R_Xeon_R_Gold_6326_CPU_2.90GHz,1048576,1024.0,1000000,21246.0,21.246,19212.0,9939536.0,phase3/data/hazel/Intel_R_Xeon_R_Gold_6326_CPU_2.90GHz/latency_1048576.txt
Intel_R_Xeon_R_Gold_6326_CPU_2.90GHz,2097152,2048.0,1000000,63102.0,63.102,58852.0,5369492.0,phase3/data/hazel/Intel_R_Xeon_R_Gold_6326_CPU_2.90GHz/latency_2097152.txt
Intel_R_Xeon_R_Gold_6326_CPU_2.90GHz,4194304,4096.0,1000000,64526.0,64.526,62770.0,4319646.0,phase3/data/hazel/Intel_R_Xeon_R_Gold_6326_CPU_2.90GHz/latency_4194304.txt
Intel_R_Xeon_R_Gold_6326_CPU_2.90GHz,8388608,8192.0,1000000,64548.0,64.548,62524.0,4000132.0,phase3/data/hazel/Intel_R_Xeon_R_Gold_6326_CPU_2.90GHz/latency_8388608.txt
Intel_R_Xeon_R_Gold_6326_CPU_2.90GHz,16777216,16384.0,1000000,64550.0,64.55,62798.0,3930668.0,phase3/data/hazel/Intel_R_Xeon_R_Gold_6326_CPU_2.90GHz/latency_16777216.txt
Intel_R_Xeon_R_Gold_6326_CPU_2.90GHz,33554432,32768.0,1000000,126692.0,126.692,96212.0,3596466.0,phase3/data/hazel/Intel_R_Xeon_R_Gold_6326_CPU_2.90GHz/latency_33554432.txt
Intel_R_Xeon_R_Gold_6326_CPU_2.90GHz,67108864,65536.0,1000000,198588.0,198.588,137152.0,3575036.0,phase3/data/hazel/Intel_R_Xeon_R_Gold_6326_CPU_2.90GHz/latency_67108864.txt
Intel_R_Xeon_R_Gold_6326_CPU_2.90GHz,134217728,131072.0,1000000,229684.0,229.684,166652.0,3650260.0,phase3/data/hazel/Intel_R_Xeon_R_Gold_6326_CPU_2.90GHz/latency_134217728.txt
Intel_R_Xeon_R_Platinum_8358_CPU_2.60GHz,32768,32.0,1000000,6560.0,6.56,5660.0,29683806.0,phase3/data/hazel/Intel_R_Xeon_R_Platinum_8358_CPU_2.60GHz/latency_32768.txt
Intel_R_Xeon_R_Platinum_8358_CPU_2.60GHz,65536,64.0,1000000,12354.0,12.354,11856.0,14207330.0,phase3/data/hazel/Intel_R_Xeon_R_Platinum_8358_CPU_2.60GHz/latency_65536.txt
Intel_R_Xeon_R_Platinum_8358_CPU_2.60GHz,131072,128.0,1000000,12350.0,12.35,11884.0,14365118.0,phase3/data/hazel/Intel_R_Xeon_R_Platinum_8358_CPU_2.60GHz/latency_131072.txt
Intel_R_Xeon_R_Platinum_8358_CPU_2.60GHz,262144,256.0,1000000,12600.0,12.6,12066.0,14257140.0,phase3/data/hazel/Intel_R_Xeon_R_Platinum_8358_CPU_2.60GHz/latency_262144.txt
Intel_R_Xeon_R_Platinum_8358_CPU_2.60GHz,524288,512.0,1000000,15290.0,15.29,14516.0,14224748.0,phase3/data/hazel/Intel_R_Xeon_R_Platinum_8358_CPU_2.60GHz/latency_524288.txt
Intel_R_Xeon_R_Platinum_8358_CPU_2.60GHz,1048576,1024.0,1000000,16882.0,16.882,16042.0,21359134.0,phase3/data/hazel/Intel_R_Xeon_R_Platinum_8358_CPU_2.60GHz/latency_1048576.txt
Intel_R_Xeon_R_Platinum_8358_CPU_2.60GHz,2097152,2048.0,1000000,64968.0,64.968,56146.0,5555524.0,phase3/data/hazel/Intel_R_Xeon_R_Platinum_8358_CPU_2.60GHz/latency_2097152.txt
Intel_R_Xeon_R_Platinum_8358_CPU_2.60GHz,4194304,4096.0,1000000,67878.0,67.878,59692.0,3783418.0,phase3/data/hazel/Intel_R_Xeon_R_Platinum_8358_CPU_2.60GHz/latency_4194304.txt
Intel_R_Xeon_R_Platinum_8358_CPU_2.60GHz,8388608,8192.0,1000000,67936.0,67.936,59834.0,4054948.0,phase3/data/hazel/Intel_R_Xeon_R_Platinum_8358_CPU_2.60GHz/latency_8388608.txt
Intel_R_Xeon_R_Platinum_8358_CPU_2.60GHz,16777216,16384.0,1000000,68192.0,68.192,59438.0,3781922.0,phase3/data/hazel/Intel_R_Xeon_R_Platinum_8358_CPU_2.60GHz/latency_16777216.txt
Intel_R_Xeon_R_Platinum_8358_CPU_2.60GHz,33554432,32768.0,1000000,65034.0,65.034,59376.0,3732082.0,phase3/data/hazel/Intel_R_Xeon_R_Platinum_8358_CPU_2.60GHz/latency_33554432.txt
Intel_R_Xeon_R_Platinum_8358_CPU_2.60GHz,67108864,65536.0,1000000,205920.0,205.92,103058.0,3540726.0,phase3/data/hazel/Intel_R_Xeon_R_Platinum_8358_CPU_2.60GHz/latency_67108864.txt
Intel_R_Xeon_R_Platinum_8358_CPU_2.60GHz,134217728,131072.0,1000000,231636.0,231.636,160326.0,3680924.0,phase3/data/hazel/Intel_R_Xeon_R_Platinum_8358_CPU_2.60GHz/latency_134217728.txt
Intel_R_Xeon_R_Platinum_8462Y+,32768,32.0,1000000,9800.0,9.8,5054.0,30837946.0,phase3/data/hazel/Intel_R_Xeon_R_Platinum_8462Y+/latency_32768.txt
Intel_R_Xeon_R_Platinum_8462Y+,65536,64.0,1000000,10984.0,10.984,10924.0,28009328.0,phase3/data/hazel/Intel_R_Xeon_R_Platinum_8462Y+/latency_65536.txt
Intel_R_Xeon_R_Platinum_8462Y+,131072,128.0,1000000,10972.0,10.972,10928.0,15956576.0,phase3/data/hazel/Intel_R_Xeon_R_Platinum_8462Y+/latency_131072.txt
Intel_R_Xeon_R_Platinum_8462Y+,262144,256.0,1000000,10982.0,10.982,10940.0,10942416.0,phase3/data/hazel/Intel_R_Xeon_R_Platinum_8462Y+/latency_262144.txt
Intel_R_Xeon_R_Platinum_8462Y+,524288,512.0,1000000,12326.0,12.326,12122.0,10912534.0,phase3/data/hazel/Intel_R_Xeon_R_Platinum_8462Y+/latency_524288.txt
Intel_R_Xeon_R_Platinum_8462Y+,1048576,1024.0,1000000,14108.0,14.108,13790.0,28169854.0,phase3/data/hazel/Intel_R_Xeon_R_Platinum_8462Y+/latency_1048576.txt
Intel_R_Xeon_R_Platinum_8462Y+,2097152,2048.0,1000000,12066.0,12.066,10956.0,16018910.0,phase3/data/hazel/Intel_R_Xeon_R_Platinum_8462Y+/latency_2097152.txt
Intel_R_Xeon_R_Platinum_8462Y+,4194304,4096.0,1000000,72520.0,72.52,71208.0,24541732.0,phase3/data/hazel/Intel_R_Xeon_R_Platinum_8462Y+/latency_4194304.txt
Intel_R_Xeon_R_Platinum_8462Y+,8388608,8192.0,1000000,72544.0,72.544,71112.0,3917698.0,phase3/data/hazel/Intel_R_Xeon_R_Platinum_8462Y+/latency_8388608.txt
Intel_R_Xeon_R_Platinum_8462Y+,16777216,16384.0,1000000,72540.0,72.54,70926.0,2849806.0,phase3/data/hazel/Intel_R_Xeon_R_Platinum_8462Y+/latency_16777216.txt
Intel_R_Xeon_R_Platinum_8462Y+,33554432,32768.0,1000000,72542.0,72.542,70606.0,2873802.0,phase3/data/hazel/Intel_R_Xeon_R_Platinum_8462Y+/latency_33554432.txt
Intel_R_Xeon_R_Platinum_8462Y+,67108864,65536.0,1000000,94118.0,94.118,82018.0,2781536.0,phase3/data/hazel/Intel_R_Xeon_R_Platinum_8462Y+/latency_67108864.txt
Intel_R_Xeon_R_Platinum_8462Y+,134217728,131072.0,1000000,200334.0,200.334,177306.0,2597954.0,phase3/data/hazel/Intel_R_Xeon_R_Platinum_8462Y+/latency_134217728.txt
