machine,working_set_bytes,working_set_kib,working_set_mib,observations,median_timer_units_per_access,mean_timer_units_per_access,min_timer_units_per_access,max_timer_units_per_access
AMD_EPYC_9654_96-Core_Processor,4096,4.0,0.00390625,1,10.9382,10.9382,10.9382,10.9382
AMD_EPYC_9654_96-Core_Processor,8192,8.0,0.0078125,1,11.038,11.038,11.038,11.038
AMD_EPYC_9654_96-Core_Processor,16384,16.0,0.015625,1,11.4257,11.4257,11.4257,11.4257
AMD_EPYC_9654_96-Core_Processor,32768,32.0,0.03125,1,10.9802,10.9802,10.9802,10.9802
AMD_EPYC_9654_96-Core_Processor,65536,64.0,0.0625,1,15.5436,15.5436,15.5436,15.5436
AMD_EPYC_9654_96-Core_Processor,131072,128.0,0.125,1,17.8982,17.8982,17.8982,17.8982
AMD_EPYC_9654_96-Core_Processor,262144,256.0,0.25,1,19.582,19.582,19.582,19.582
AMD_EPYC_9654_96-Core_Processor,524288,512.0,0.5,2,24.181199999999997,24.181199999999997,24.0141,24.3483
AMD_EPYC_9654_96-Core_Processor,557056,544.0,0.53125,1,24.3318,24.3318,24.3318,24.3318
AMD_EPYC_9654_96-Core_Processor,589824,576.0,0.5625,1,24.6408,24.6408,24.6408,24.6408
AMD_EPYC_9654_96-Core_Processor,622592,608.0,0.59375,1,25.5859,25.5859,25.5859,25.5859
AMD_EPYC_9654_96-Core_Processor,655360,640.0,0.625,1,25.3272,25.3272,25.3272,25.3272
AMD_EPYC_9654_96-Core_Processor,688128,672.0,0.65625,1,27.6036,27.6036,27.6036,27.6036
AMD_EPYC_9654_96-Core_Processor,720896,704.0,0.6875,1,27.658,27.658,27.658,27.658
AMD_EPYC_9654_96-Core_Processor,753664,736.0,0.71875,1,29.9631,29.9631,29.9631,29.9631
AMD_EPYC_9654_96-Core_Processor,786432,768.0,0.75,1,30.1872,30.1872,30.1872,30.1872
AMD_EPYC_9654_96-Core_Processor,819200,800.0,0.78125,1,29.7497,29.7497,29.7497,29.7497
AMD_EPYC_9654_96-Core_Processor,851968,832.0,0.8125,1,30.5414,30.5414,30.5414,30.5414
AMD_EPYC_9654_96-Core_Processor,884736,864.0,0.84375,1,28.7725,28.7725,28.7725,28.7725
AMD_EPYC_9654_96-Core_Processor,917504,896.0,0.875,1,30.3375,30.3375,30.3375,30.3375
AMD_EPYC_9654_96-Core_Processor,950272,928.0,0.90625,1,32.281,32.281,32.281,32.281
AMD_EPYC_9654_96-Core_Processor,983040,960.0,0.9375,1,31.6058,31.6058,31.6058,31.6058
AMD_EPYC_9654_96-Core_Processor,1015808,992.0,0.96875,1,31.7752,31.7752,31.7752,31.7752
AMD_EPYC_9654_96-Core_Processor,1048576,1024.0,1.0,2,33.7809,33.7809,33.2679,34.2939
AMD_EPYC_9654_96-Core_Processor,1114112,1088.0,1.0625,1,33.3383,33.3383,33.3383,33.3383
AMD_EPYC_9654_96-Core_Processor,1179648,1152.0,1.125,1,36.5386,36.5386,36.5386,36.5386
AMD_EPYC_9654_96-Core_Processor,1245184,1216.0,1.1875,1,38.3554,38.3554,38.3554,38.3554
AMD_EPYC_9654_96-Core_Processor,1310720,1280.0,1.25,1,38.4562,38.4562,38.4562,38.4562
AMD_EPYC_9654_96-Core_Processor,1376256,1344.0,1.3125,1,40.1322,40.1322,40.1322,40.1322
AMD_EPYC_9654_96-Core_Processor,1441792,1408.0,1.375,1,41.4021,41.4021,41.4021,41.4021
AMD_EPYC_9654_96-Core_Processor,1507328,1472.0,1.4375,1,43.4233,43.4233,43.4233,43.4233
AMD_EPYC_9654_96-Core_Processor,1572864,1536.0,1.5,1,44.4126,44.4126,44.4126,44.4126
AMD_EPYC_9654_96-Core_Processor,1638400,1600.0,1.5625,1,45.1133,45.1133,45.1133,45.1133
AMD_EPYC_9654_96-Core_Processor,1703936,1664.0,1.625,1,46.5206,46.5206,46.5206,46.5206
AMD_EPYC_9654_96-Core_Processor,1769472,1728.0,1.6875,1,47.7954,47.7954,47.7954,47.7954
AMD_EPYC_9654_96-Core_Processor,1835008,1792.0,1.75,1,48.5621,48.5621,48.5621,48.5621
AMD_EPYC_9654_96-Core_Processor,1900544,1856.0,1.8125,1,49.5205,49.5205,49.5205,49.5205
AMD_EPYC_9654_96-Core_Processor,1966080,1920.0,1.875,1,49.8955,49.8955,49.8955,49.8955
AMD_EPYC_9654_96-Core_Processor,2031616,1984.0,1.9375,1,51.2231,51.2231,51.2231,51.2231
AMD_EPYC_9654_96-Core_Processor,2097152,2048.0,2.0,2,43.67775,43.67775,43.4281,43.9274
AMD_EPYC_9654_96-Core_Processor,4194304,4096.0,4.0,1,55.9094,55.9094,55.9094,55.9094
AMD_EPYC_9654_96-Core_Processor,8388608,8192.0,8.0,1,69.883,69.883,69.883,69.883
AMD_EPYC_9654_96-Core_Processor,16777216,16384.0,16.0,1,74.292,74.292,74.292,74.292
AMD_EPYC_9654_96-Core_Processor,33554432,32768.0,32.0,1,99.9923,99.9923,99.9923,99.9923
AMD_EPYC_9654_96-Core_Processor,67108864,65536.0,64.0,1,207.2026,207.2026,207.2026,207.2026
AMD_EPYC_9654_96-Core_Processor,134217728,131072.0,128.0,1,267.2976,267.2976,267.2976,267.2976
AMD_EPYC_9655_96-Core_Processor,4096,4.0,0.00390625,1,4.7485,4.7485,4.7485,4.7485
AMD_EPYC_9655_96-Core_Processor,8192,8.0,0.0078125,1,4.7381,4.7381,4.7381,4.7381
AMD_EPYC_9655_96-Core_Processor,16384,16.0,0.015625,1,4.7581,4.7581,4.7581,4.7581
AMD_EPYC_9655_96-Core_Processor,32768,32.0,0.03125,1,4.7634,4.7634,4.7634,4.7634
AMD_EPYC_9655_96-Core_Processor,65536,64.0,0.0625,1,7.0149,7.0149,7.0149,7.0149
AMD_EPYC_9655_96-Core_Processor,131072,128.0,0.125,1,9.8525,9.8525,9.8525,9.8525
AMD_EPYC_9655_96-Core_Processor,262144,256.0,0.25,1,11.2357,11.2357,11.2357,11.2357
AMD_EPYC_9655_96-Core_Processor,524288,512.0,0.5,2,13.5197,13.5197,13.4538,13.5856
AMD_EPYC_9655_96-Core_Processor,557056,544.0,0.53125,1,13.7388,13.7388,13.7388,13.7388
AMD_EPYC_9655_96-Core_Processor,589824,576.0,0.5625,1,14.0137,14.0137,14.0137,14.0137
AMD_EPYC_9655_96-Core_Processor,622592,608.0,0.59375,1,14.2612,14.2612,14.2612,14.2612
AMD_EPYC_9655_96-Core_Processor,655360,640.0,0.625,1,14.343,14.343,14.343,14.343
AMD_EPYC_9655_96-Core_Processor,688128,672.0,0.65625,1,15.5581,15.5581,15.5581,15.5581
AMD_EPYC_9655_96-Core_Processor,720896,704.0,0.6875,1,16.1149,16.1149,16.1149,16.1149
AMD_EPYC_9655_96-Core_Processor,753664,736.0,0.71875,1,15.9105,15.9105,15.9105,15.9105
AMD_EPYC_9655_96-Core_Processor,786432,768.0,0.75,1,15.2425,15.2425,15.2425,15.2425
AMD_EPYC_9655_96-Core_Processor,819200,800.0,0.78125,1,15.859,15.859,15.859,15.859
AMD_EPYC_9655_96-Core_Processor,851968,832.0,0.8125,1,15.953,15.953,15.953,15.953
AMD_EPYC_9655_96-Core_Processor,884736,864.0,0.84375,1,16.6053,16.6053,16.6053,16.6053
AMD_EPYC_9655_96-Core_Processor,917504,896.0,0.875,1,16.714,16.714,16.714,16.714
AMD_EPYC_9655_96-Core_Processor,950272,928.0,0.90625,1,17.0445,17.0445,17.0445,17.0445
AMD_EPYC_9655_96-Core_Processor,983040,960.0,0.9375,1,17.7975,17.7975,17.7975,17.7975
AMD_EPYC_9655_96-Core_Processor,1015808,992.0,0.96875,1,18.7593,18.7593,18.7593,18.7593
AMD_EPYC_9655_96-Core_Processor,1048576,1024.0,1.0,2,19.41395,19.41395,18.4066,20.4213
AMD_EPYC_9655_96-Core_Processor,1114112,1088.0,1.0625,1,23.2907,23.2907,23.2907,23.2907
AMD_EPYC_9655_96-Core_Processor,1179648,1152.0,1.125,1,21.7484,21.7484,21.7484,21.7484
AMD_EPYC_9655_96-Core_Processor,1245184,1216.0,1.1875,1,23.0208,23.0208,23.0208,23.0208
AMD_EPYC_9655_96-Core_Processor,1310720,1280.0,1.25,1,27.1019,27.1019,27.1019,27.1019
AMD_EPYC_9655_96-Core_Processor,1376256,1344.0,1.3125,1,24.6682,24.6682,24.6682,24.6682
AMD_EPYC_9655_96-Core_Processor,1441792,1408.0,1.375,1,29.6034,29.6034,29.6034,29.6034
AMD_EPYC_9655_96-Core_Processor,1507328,1472.0,1.4375,1,26.025,26.025,26.025,26.025
AMD_EPYC_9655_96-Core_Processor,1572864,1536.0,1.5,1,30.1304,30.1304,30.1304,30.1304
AMD_EPYC_9655_96-Core_Processor,1638400,1600.0,1.5625,1,27.7153,27.7153,27.7153,27.7153
AMD_EPYC_9655_96-Core_Processor,1703936,1664.0,1.625,1,28.6628,28.6628,28.6628,28.6628
AMD_EPYC_9655_96-Core_Processor,1769472,1728.0,1.6875,1,33.5693,33.5693,33.5693,33.5693
AMD_EPYC_9655_96-Core_Processor,1835008,1792.0,1.75,1,29.7247,29.7247,29.7247,29.7247
AMD_EPYC_9655_96-Core_Processor,1900544,1856.0,1.8125,1,34.2849,34.2849,34.2849,34.2849
AMD_EPYC_9655_96-Core_Processor,1966080,1920.0,1.875,1,30.8087,30.8087,30.8087,30.8087
AMD_EPYC_9655_96-Core_Processor,2031616,1984.0,1.9375,1,31.6118,31.6118,31.6118,31.6118
AMD_EPYC_9655_96-Core_Processor,2097152,2048.0,2.0,2,29.228450000000002,29.228450000000002,27.4104,31.0465
AMD_EPYC_9655_96-Core_Processor,4194304,4096.0,4.0,1,35.4522,35.4522,35.4522,35.4522
AMD_EPYC_9655_96-Core_Processor,8388608,8192.0,8.0,1,38.2469,38.2469,38.2469,38.2469
AMD_EPYC_9655_96-Core_Processor,16777216,16384.0,16.0,1,39.7495,39.7495,39.7495,39.7495
AMD_EPYC_9655_96-Core_Processor,33554432,32768.0,32.0,1,41.3351,41.3351,41.3351,41.3351
AMD_EPYC_9655_96-Core_Processor,67108864,65536.0,64.0,1,187.7932,187.7932,187.7932,187.7932
AMD_EPYC_9655_96-Core_Processor,134217728,131072.0,128.0,1,283.5376,283.5376,283.5376,283.5376
Intel_R_Xeon_R_CPU_E5-2650_v3_2.30GHz,4096,4.0,0.00390625,1,10.8906,10.8906,10.8906,10.8906
Intel_R_Xeon_R_CPU_E5-2650_v3_2.30GHz,8192,8.0,0.0078125,1,10.9432,10.9432,10.9432,10.9432
Intel_R_Xeon_R_CPU_E5-2650_v3_2.30GHz,16384,16.0,0.015625,1,10.9834,10.9834,10.9834,10.9834
Intel_R_Xeon_R_CPU_E5-2650_v3_2.30GHz,32768,32.0,0.03125,1,10.9954,10.9954,10.9954,10.9954
Intel_R_Xeon_R_CPU_E5-2650_v3_2.30GHz,65536,64.0,0.0625,1,14.5899,14.5899,14.5899,14.5899
Intel_R_Xeon_R_CPU_E5-2650_v3_2.30GHz,131072,128.0,0.125,1,15.557,15.557,15.557,15.557
Intel_R_Xeon_R_CPU_E5-2650_v3_2.30GHz,262144,256.0,0.25,1,19.5036,19.5036,19.5036,19.5036
Intel_R_Xeon_R_CPU_E5-2650_v3_2.30GHz,524288,512.0,0.5,2,35.169200000000004,35.169200000000004,35.1214,35.217
Intel_R_Xeon_R_CPU_E5-2650_v3_2.30GHz,557056,544.0,0.53125,1,36.0351,36.0351,36.0351,36.0351
Intel_R_Xeon_R_CPU_E5-2650_v3_2.30GHz,589824,576.0,0.5625,1,36.9713,36.9713,36.9713,36.9713
Intel_R_Xeon_R_CPU_E5-2650_v3_2.30GHz,622592,608.0,0.59375,1,38.0694,38.0694,38.0694,38.0694
Intel_R_Xeon_R_CPU_E5-2650_v3_2.30GHz,655360,640.0,0.625,1,38.8241,38.8241,38.8241,38.8241
Intel_R_Xeon_R_CPU_E5-2650_v3_2.30GHz,688128,672.0,0.65625,1,39.1947,39.1947,39.1947,39.1947
Intel_R_Xeon_R_CPU_E5-2650_v3_2.30GHz,720896,704.0,0.6875,1,39.8322,39.8322,39.8322,39.8322
Intel_R_Xeon_R_CPU_E5-2650_v3_2.30GHz,753664,736.0,0.71875,1,40.6927,40.6927,40.6927,40.6927
Intel_R_Xeon_R_CPU_E5-2650_v3_2.30GHz,786432,768.0,0.75,1,40.9769,40.9769,40.9769,40.9769
Intel_R_Xeon_R_CPU_E5-2650_v3_2.30GHz,819200,800.0,0.78125,1,41.6004,41.6004,41.6004,41.6004
Intel_R_Xeon_R_CPU_E5-2650_v3_2.30GHz,851968,832.0,0.8125,1,42.01,42.01,42.01,42.01
Intel_R_Xeon_R_CPU_E5-2650_v3_2.30GHz,884736,864.0,0.84375,1,42.4652,42.4652,42.4652,42.4652
Intel_R_Xeon_R_CPU_E5-2650_v3_2.30GHz,917504,896.0,0.875,1,42.7597,42.7597,42.7597,42.7597
Intel_R_Xeon_R_CPU_E5-2650_v3_2.30GHz,950272,928.0,0.90625,1,43.095,43.095,43.095,43.095
Intel_R_Xeon_R_CPU_E5-2650_v3_2.30GHz,983040,960.0,0.9375,1,43.3745,43.3745,43.3745,43.3745
Intel_R_Xeon_R_CPU_E5-2650_v3_2.30GHz,1015808,992.0,0.96875,1,43.886,43.886,43.886,43.886
Intel_R_Xeon_R_CPU_E5-2650_v3_2.30GHz,1048576,1024.0,1.0,2,44.079,44.079,44.0491,44.1089
Intel_R_Xeon_R_CPU_E5-2650_v3_2.30GHz,1114112,1088.0,1.0625,1,44.4872,44.4872,44.4872,44.4872
Intel_R_Xeon_R_CPU_E5-2650_v3_2.30GHz,1179648,1152.0,1.125,1,44.9114,44.9114,44.9114,44.9114
Intel_R_Xeon_R_CPU_E5-2650_v3_2.30GHz,1245184,1216.0,1.1875,1,45.4489,45.4489,45.4489,45.4489
Intel_R_Xeon_R_CPU_E5-2650_v3_2.30GHz,1310720,1280.0,1.25,1,45.9272,45.9272,45.9272,45.9272
Intel_R_Xeon_R_CPU_E5-2650_v3_2.30GHz,1376256,1344.0,1.3125,1,46.0695,46.0695,46.0695,46.0695
Intel_R_Xeon_R_CPU_E5-2650_v3_2.30GHz,1441792,1408.0,1.375,1,46.1691,46.1691,46.1691,46.1691
Intel_R_Xeon_R_CPU_E5-2650_v3_2.30GHz,1507328,1472.0,1.4375,1,46.8646,46.8646,46.8646,46.8646
Intel_R_Xeon_R_CPU_E5-2650_v3_2.30GHz,1572864,1536.0,1.5,1,46.9843,46.9843,46.9843,46.9843
Intel_R_Xeon_R_CPU_E5-2650_v3_2.30GHz,1638400,1600.0,1.5625,1,47.0963,47.0963,47.0963,47.0963
Intel_R_Xeon_R_CPU_E5-2650_v3_2.30GHz,1703936,1664.0,1.625,1,47.3711,47.3711,47.3711,47.3711
Intel_R_Xeon_R_CPU_E5-2650_v3_2.30GHz,1769472,1728.0,1.6875,1,47.5058,47.5058,47.5058,47.5058
Intel_R_Xeon_R_CPU_E5-2650_v3_2.30GHz,1835008,1792.0,1.75,1,47.4797,47.4797,47.4797,47.4797
Intel_R_Xeon_R_CPU_E5-2650_v3_2.30GHz,1900544,1856.0,1.8125,1,47.8166,47.8166,47.8166,47.8166
Intel_R_Xeon_R_CPU_E5-2650_v3_2.30GHz,1966080,1920.0,1.875,1,47.9511,47.9511,47.9511,47.9511
Intel_R_Xeon_R_CPU_E5-2650_v3_2.30GHz,2031616,1984.0,1.9375,1,48.1272,48.1272,48.1272,48.1272
Intel_R_Xeon_R_CPU_E5-2650_v3_2.30GHz,2097152,2048.0,2.0,2,42.00605,42.00605,41.9728,42.0393
Intel_R_Xeon_R_CPU_E5-2650_v3_2.30GHz,4194304,4096.0,4.0,1,43.5049,43.5049,43.5049,43.5049
Intel_R_Xeon_R_CPU_E5-2650_v3_2.30GHz,8388608,8192.0,8.0,1,44.4201,44.4201,44.4201,44.4201
Intel_R_Xeon_R_CPU_E5-2650_v3_2.30GHz,16777216,16384.0,16.0,1,51.538,51.538,51.538,51.538
Intel_R_Xeon_R_CPU_E5-2650_v3_2.30GHz,33554432,32768.0,32.0,1,131.3674,131.3674,131.3674,131.3674
Intel_R_Xeon_R_CPU_E5-2650_v3_2.30GHz,67108864,65536.0,64.0,1,177.232,177.232,177.232,177.232
Intel_R_Xeon_R_CPU_E5-2650_v3_2.30GHz,134217728,131072.0,128.0,1,201.2392,201.2392,201.2392,201.2392
Intel_R_Xeon_R_CPU_E5-2650_v4_2.20GHz,4096,4.0,0.00390625,1,10.1954,10.1954,10.1954,10.1954
Intel_R_Xeon_R_CPU_E5-2650_v4_2.20GHz,8192,8.0,0.0078125,1,10.1053,10.1053,10.1053,10.1053
Intel_R_Xeon_R_CPU_E5-2650_v4_2.20GHz,16384,16.0,0.015625,1,10.1385,10.1385,10.1385,10.1385
Intel_R_Xeon_R_CPU_E5-2650_v4_2.20GHz,32768,32.0,0.03125,1,10.0198,10.0198,10.0198,10.0198
Intel_R_Xeon_R_CPU_E5-2650_v4_2.20GHz,65536,64.0,0.0625,1,13.1229,13.1229,13.1229,13.1229
Intel_R_Xeon_R_CPU_E5-2650_v4_2.20GHz,131072,128.0,0.125,1,14.9494,14.9494,14.9494,14.9494
Intel_R_Xeon_R_CPU_E5-2650_v4_2.20GHz,262144,256.0,0.25,1,19.1161,19.1161,19.1161,19.1161
Intel_R_Xeon_R_CPU_E5-2650_v4_2.20GHz,524288,512.0,0.5,2,32.72465,32.72465,32.6729,32.7764
Intel_R_Xeon_R_CPU_E5-2650_v4_2.20GHz,557056,544.0,0.53125,1,33.6515,33.6515,33.6515,33.6515
Intel_R_Xeon_R_CPU_E5-2650_v4_2.20GHz,589824,576.0,0.5625,1,34.4077,34.4077,34.4077,34.4077
Intel_R_Xeon_R_CPU_E5-2650_v4_2.20GHz,622592,608.0,0.59375,1,35.1388,35.1388,35.1388,35.1388
Intel_R_Xeon_R_CPU_E5-2650_v4_2.20GHz,655360,640.0,0.625,1,35.9651,35.9651,35.9651,35.9651
Intel_R_Xeon_R_CPU_E5-2650_v4_2.20GHz,688128,672.0,0.65625,1,36.5762,36.5762,36.5762,36.5762
Intel_R_Xeon_R_CPU_E5-2650_v4_2.20GHz,720896,704.0,0.6875,1,37.1479,37.1479,37.1479,37.1479
Intel_R_Xeon_R_CPU_E5-2650_v4_2.20GHz,753664,736.0,0.71875,1,37.8882,37.8882,37.8882,37.8882
Intel_R_Xeon_R_CPU_E5-2650_v4_2.20GHz,786432,768.0,0.75,1,38.2223,38.2223,38.2223,38.2223
Intel_R_Xeon_R_CPU_E5-2650_v4_2.20GHz,819200,800.0,0.78125,1,38.5408,38.5408,38.5408,38.5408
Intel_R_Xeon_R_CPU_E5-2650_v4_2.20GHz,851968,832.0,0.8125,1,39.0401,39.0401,39.0401,39.0401
Intel_R_Xeon_R_CPU_E5-2650_v4_2.20GHz,884736,864.0,0.84375,1,39.5259,39.5259,39.5259,39.5259
Intel_R_Xeon_R_CPU_E5-2650_v4_2.20GHz,917504,896.0,0.875,1,39.876,39.876,39.876,39.876
Intel_R_Xeon_R_CPU_E5-2650_v4_2.20GHz,950272,928.0,0.90625,1,40.1849,40.1849,40.1849,40.1849
Intel_R_Xeon_R_CPU_E5-2650_v4_2.20GHz,983040,960.0,0.9375,1,40.7252,40.7252,40.7252,40.7252
Intel_R_Xeon_R_CPU_E5-2650_v4_2.20GHz,1015808,992.0,0.96875,1,41.0905,41.0905,41.0905,41.0905
Intel_R_Xeon_R_CPU_E5-2650_v4_2.20GHz,1048576,1024.0,1.0,2,41.6385,41.6385,41.4211,41.8559
Intel_R_Xeon_R_CPU_E5-2650_v4_2.20GHz,1114112,1088.0,1.0625,1,41.599,41.599,41.599,41.599
Intel_R_Xeon_R_CPU_E5-2650_v4_2.20GHz,1179648,1152.0,1.125,1,42.1314,42.1314,42.1314,42.1314
Intel_R_Xeon_R_CPU_E5-2650_v4_2.20GHz,1245184,1216.0,1.1875,1,42.5315,42.5315,42.5315,42.5315
Intel_R_Xeon_R_CPU_E5-2650_v4_2.20GHz,1310720,1280.0,1.25,1,42.9422,42.9422,42.9422,42.9422
Intel_R_Xeon_R_CPU_E5-2650_v4_2.20GHz,1376256,1344.0,1.3125,1,43.1851,43.1851,43.1851,43.1851
Intel_R_Xeon_R_CPU_E5-2650_v4_2.20GHz,1441792,1408.0,1.375,1,43.311,43.311,43.311,43.311
Intel_R_Xeon_R_CPU_E5-2650_v4_2.20GHz,1507328,1472.0,1.4375,1,43.6942,43.6942,43.6942,43.6942
Intel_R_Xeon_R_CPU_E5-2650_v4_2.20GHz,1572864,1536.0,1.5,1,43.7793,43.7793,43.7793,43.7793
Intel_R_Xeon_R_CPU_E5-2650_v4_2.20GHz,1638400,1600.0,1.5625,1,44.0731,44.0731,44.0731,44.0731
Intel_R_Xeon_R_CPU_E5-2650_v4_2.20GHz,1703936,1664.0,1.625,1,44.602,44.602,44.602,44.602
Intel_R_Xeon_R_CPU_E5-2650_v4_2.20GHz,1769472,1728.0,1.6875,1,53.9922,53.9922,53.9922,53.9922
Intel_R_Xeon_R_CPU_E5-2650_v4_2.20GHz,1835008,1792.0,1.75,1,56.5795,56.5795,56.5795,56.5795
Intel_R_Xeon_R_CPU_E5-2650_v4_2.20GHz,1900544,1856.0,1.8125,1,44.8724,44.8724,44.8724,44.8724
Intel_R_Xeon_R_CPU_E5-2650_v4_2.20GHz,1966080,1920.0,1.875,1,44.9692,44.9692,44.9692,44.9692
Intel_R_Xeon_R_CPU_E5-2650_v4_2.20GHz,2031616,1984.0,1.9375,1,44.9918,44.9918,44.9918,44.9918
Intel_R_Xeon_R_CPU_E5-2650_v4_2.20GHz,2097152,2048.0,2.0,2,40.9237,40.9237,39.7525,42.0949
Intel_R_Xeon_R_CPU_E5-2650_v4_2.20GHz,4194304,4096.0,4.0,1,41.424,41.424,41.424,41.424
Intel_R_Xeon_R_CPU_E5-2650_v4_2.20GHz,8388608,8192.0,8.0,1,42.2383,42.2383,42.2383,42.2383
Intel_R_Xeon_R_CPU_E5-2650_v4_2.20GHz,16777216,16384.0,16.0,1,42.6691,42.6691,42.6691,42.6691
Intel_R_Xeon_R_CPU_E5-2650_v4_2.20GHz,33554432,32768.0,32.0,1,48.6645,48.6645,48.6645,48.6645
Intel_R_Xeon_R_CPU_E5-2650_v4_2.20GHz,67108864,65536.0,64.0,1,104.4321,104.4321,104.4321,104.4321
Intel_R_Xeon_R_CPU_E5-2650_v4_2.20GHz,134217728,131072.0,128.0,1,142.7104,142.7104,142.7104,142.7104
Intel_R_Xeon_R_Gold_6326_CPU_2.90GHz,4096,4.0,0.00390625,1,18.6302,18.6302,18.6302,18.6302
Intel_R_Xeon_R_Gold_6326_CPU_2.90GHz,8192,8.0,0.0078125,1,18.2936,18.2936,18.2936,18.2936
Intel_R_Xeon_R_Gold_6326_CPU_2.90GHz,16384,16.0,0.015625,1,11.0144,11.0144,11.0144,11.0144
Intel_R_Xeon_R_Gold_6326_CPU_2.90GHz,32768,32.0,0.03125,1,12.0917,12.0917,12.0917,12.0917
Intel_R_Xeon_R_Gold_6326_CPU_2.90GHz,65536,64.0,0.0625,1,16.8388,16.8388,16.8388,16.8388
Intel_R_Xeon_R_Gold_6326_CPU_2.90GHz,131072,128.0,0.125,1,19.6202,19.6202,19.6202,19.6202
Intel_R_Xeon_R_Gold_6326_CPU_2.90GHz,262144,256.0,0.25,1,19.0726,19.0726,19.0726,19.0726
Intel_R_Xeon_R_Gold_6326_CPU_2.90GHz,524288,512.0,0.5,2,23.092550000000003,23.092550000000003,22.5892,23.5959
Intel_R_Xeon_R_Gold_6326_CPU_2.90GHz,557056,544.0,0.53125,1,21.0265,21.0265,21.0265,21.0265
Intel_R_Xeon_R_Gold_6326_CPU_2.90GHz,589824,576.0,0.5625,1,20.1935,20.1935,20.1935,20.1935
Intel_R_Xeon_R_Gold_6326_CPU_2.90GHz,622592,608.0,0.59375,1,21.0879,21.0879,21.0879,21.0879
Intel_R_Xeon_R_Gold_6326_CPU_2.90GHz,655360,640.0,0.625,1,19.877,19.877,19.877,19.877
Intel_R_Xeon_R_Gold_6326_CPU_2.90GHz,688128,672.0,0.65625,1,22.4619,22.4619,22.4619,22.4619
Intel_R_Xeon_R_Gold_6326_CPU_2.90GHz,720896,704.0,0.6875,1,20.477,20.477,20.477,20.477
Intel_R_Xeon_R_Gold_6326_CPU_2.90GHz,753664,736.0,0.71875,1,21.5692,21.5692,21.5692,21.5692
Intel_R_Xeon_R_Gold_6326_CPU_2.90GHz,786432,768.0,0.75,1,21.0389,21.0389,21.0389,21.0389
Intel_R_Xeon_R_Gold_6326_CPU_2.90GHz,819200,800.0,0.78125,1,22.4835,22.4835,22.4835,22.4835
Intel_R_Xeon_R_Gold_6326_CPU_2.90GHz,851968,832.0,0.8125,1,21.1963,21.1963,21.1963,21.1963
Intel_R_Xeon_R_Gold_6326_CPU_2.90GHz,884736,864.0,0.84375,1,23.606,23.606,23.606,23.606
Intel_R_Xeon_R_Gold_6326_CPU_2.90GHz,917504,896.0,0.875,1,22.3284,22.3284,22.3284,22.3284
Intel_R_Xeon_R_Gold_6326_CPU_2.90GHz,950272,928.0,0.90625,1,25.8235,25.8235,25.8235,25.8235
Intel_R_Xeon_R_Gold_6326_CPU_2.90GHz,983040,960.0,0.9375,1,22.8768,22.8768,22.8768,22.8768
Intel_R_Xeon_R_Gold_6326_CPU_2.90GHz,1015808,992.0,0.96875,1,28.1234,28.1234,28.1234,28.1234
Intel_R_Xeon_R_Gold_6326_CPU_2.90GHz,1048576,1024.0,1.0,2,26.7339,26.7339,24.471,28.9968
Intel_R_Xeon_R_Gold_6326_CPU_2.90GHz,1114112,1088.0,1.0625,1,28.5066,28.5066,28.5066,28.5066
Intel_R_Xeon_R_Gold_6326_CPU_2.90GHz,1179648,1152.0,1.125,1,30.5111,30.5111,30.5111,30.5111
Intel_R_Xeon_R_Gold_6326_CPU_2.90GHz,1245184,1216.0,1.1875,1,31.6596,31.6596,31.6596,31.6596
Intel_R_Xeon_R_Gold_6326_CPU_2.90GHz,1310720,1280.0,1.25,1,37.5232,37.5232,37.5232,37.5232
Intel_R_Xeon_R_Gold_6326_CPU_2.90GHz,1376256,1344.0,1.3125,1,37.3316,37.3316,37.3316,37.3316
Intel_R_Xeon_R_Gold_6326_CPU_2.90GHz,1441792,1408.0,1.375,1,41.0294,41.0294,41.0294,41.0294
Intel_R_Xeon_R_Gold_6326_CPU_2.90GHz,1507328,1472.0,1.4375,1,45.6239,45.6239,45.6239,45.6239
Intel_R_Xeon_R_Gold_6326_CPU_2.90GHz,1572864,1536.0,1.5,1,53.9338,53.9338,53.9338,53.9338
Intel_R_Xeon_R_Gold_6326_CPU_2.90GHz,1638400,1600.0,1.5625,1,54.8755,54.8755,54.8755,54.8755
Intel_R_Xeon_R_Gold_6326_CPU_2.90GHz,1703936,1664.0,1.625,1,57.341,57.341,57.341,57.341
Intel_R_Xeon_R_Gold_6326_CPU_2.90GHz,1769472,1728.0,1.6875,1,60.6732,60.6732,60.6732,60.6732
Intel_R_Xeon_R_Gold_6326_CPU_2.90GHz,1835008,1792.0,1.75,1,64.523,64.523,64.523,64.523
Intel_R_Xeon_R_Gold_6326_CPU_2.90GHz,1900544,1856.0,1.8125,1,67.4907,67.4907,67.4907,67.4907
Intel_R_Xeon_R_Gold_6326_CPU_2.90GHz,1966080,1920.0,1.875,1,70.302,70.302,70.302,70.302
Intel_R_Xeon_R_Gold_6326_CPU_2.90GHz,2031616,1984.0,1.9375,1,74.2043,74.2043,74.2043,74.2043
Intel_R_Xeon_R_Gold_6326_CPU_2.90GHz,2097152,2048.0,2.0,2,70.44345,70.44345,70.3759,70.511
Intel_R_Xeon_R_Gold_6326_CPU_2.90GHz,4194304,4096.0,4.0,1,111.5057,111.5057,111.5057,111.5057
Intel_R_Xeon_R_Gold_6326_CPU_2.90GHz,8388608,8192.0,8.0,1,131.7276,131.7276,131.7276,131.7276
Intel_R_Xeon_R_Gold_6326_CPU_2.90GHz,16777216,16384.0,16.0,1,127.4995,127.4995,127.4995,127.4995
Intel_R_Xeon_R_Gold_6326_CPU_2.90GHz,33554432,32768.0,32.0,1,137.825,137.825,137.825,137.825
Intel_R_Xeon_R_Gold_6326_CPU_2.90GHz,67108864,65536.0,64.0,1,189.3506,189.3506,189.3506,189.3506
Intel_R_Xeon_R_Gold_6326_CPU_2.90GHz,134217728,131072.0,128.0,1,227.0827,227.0827,227.0827,227.0827
Intel_R_Xeon_R_Platinum_8358_CPU_2.60GHz,4096,4.0,0.00390625,1,22.5135,22.5135,22.5135,22.5135
Intel_R_Xeon_R_Platinum_8358_CPU_2.60GHz,8192,8.0,0.0078125,1,9.9794,9.9794,9.9794,9.9794
Intel_R_Xeon_R_Platinum_8358_CPU_2.60GHz,16384,16.0,0.015625,1,13.3805,13.3805,13.3805,13.3805
Intel_R_Xeon_R_Platinum_8358_CPU_2.60GHz,32768,32.0,0.03125,1,20.363,20.363,20.363,20.363
Intel_R_Xeon_R_Platinum_8358_CPU_2.60GHz,65536,64.0,0.0625,1,18.0151,18.0151,18.0151,18.0151
Intel_R_Xeon_R_Platinum_8358_CPU_2.60GHz,131072,128.0,0.125,1,19.419,19.419,19.419,19.419
Intel_R_Xeon_R_Platinum_8358_CPU_2.60GHz,262144,256.0,0.25,1,18.3236,18.3236,18.3236,18.3236
Intel_R_Xeon_R_Platinum_8358_CPU_2.60GHz,524288,512.0,0.5,2,21.976300000000002,21.976300000000002,20.339,23.6136
Intel_R_Xeon_R_Platinum_8358_CPU_2.60GHz,557056,544.0,0.53125,1,20.2292,20.2292,20.2292,20.2292
Intel_R_Xeon_R_Platinum_8358_CPU_2.60GHz,589824,576.0,0.5625,1,22.854,22.854,22.854,22.854
Intel_R_Xeon_R_Platinum_8358_CPU_2.60GHz,622592,608.0,0.59375,1,21.2542,21.2542,21.2542,21.2542
Intel_R_Xeon_R_Platinum_8358_CPU_2.60GHz,655360,640.0,0.625,1,20.3109,20.3109,20.3109,20.3109
Intel_R_Xeon_R_Platinum_8358_CPU_2.60GHz,688128,672.0,0.65625,1,21.9989,21.9989,21.9989,21.9989
Intel_R_Xeon_R_Platinum_8358_CPU_2.60GHz,720896,704.0,0.6875,1,22.5275,22.5275,22.5275,22.5275
Intel_R_Xeon_R_Platinum_8358_CPU_2.60GHz,753664,736.0,0.71875,1,21.4726,21.4726,21.4726,21.4726
Intel_R_Xeon_R_Platinum_8358_CPU_2.60GHz,786432,768.0,0.75,1,23.8918,23.8918,23.8918,23.8918
Intel_R_Xeon_R_Platinum_8358_CPU_2.60GHz,819200,800.0,0.78125,1,22.467,22.467,22.467,22.467
Intel_R_Xeon_R_Platinum_8358_CPU_2.60GHz,851968,832.0,0.8125,1,21.6402,21.6402,21.6402,21.6402
Intel_R_Xeon_R_Platinum_8358_CPU_2.60GHz,884736,864.0,0.84375,1,20.732,20.732,20.732,20.732
Intel_R_Xeon_R_Platinum_8358_CPU_2.60GHz,917504,896.0,0.875,1,25.2797,25.2797,25.2797,25.2797
Intel_R_Xeon_R_Platinum_8358_CPU_2.60GHz,950272,928.0,0.90625,1,24.4443,24.4443,24.4443,24.4443
Intel_R_Xeon_R_Platinum_8358_CPU_2.60GHz,983040,960.0,0.9375,1,23.3068,23.3068,23.3068,23.3068
Intel_R_Xeon_R_Platinum_8358_CPU_2.60GHz,1015808,992.0,0.96875,1,22.2174,22.2174,22.2174,22.2174
Intel_R_Xeon_R_Platinum_8358_CPU_2.60GHz,1048576,1024.0,1.0,2,23.05375,23.05375,22.497,23.6105
Intel_R_Xeon_R_Platinum_8358_CPU_2.60GHz,1114112,1088.0,1.0625,1,23.6591,23.6591,23.6591,23.6591
Intel_R_Xeon_R_Platinum_8358_CPU_2.60GHz,1179648,1152.0,1.125,1,23.4217,23.4217,23.4217,23.4217
Intel_R_Xeon_R_Platinum_8358_CPU_2.60GHz,1245184,1216.0,1.1875,1,25.1903,25.1903,25.1903,25.1903
Intel_R_Xeon_R_Platinum_8358_CPU_2.60GHz,1310720,1280.0,1.25,1,25.5986,25.5986,25.5986,25.5986
Intel_R_Xeon_R_Platinum_8358_CPU_2.60GHz,1376256,1344.0,1.3125,1,28.3046,28.3046,28.3046,28.3046
Intel_R_Xeon_R_Platinum_8358_CPU_2.60GHz,1441792,1408.0,1.375,1,29.1088,29.1088,29.1088,29.1088
Intel_R_Xeon_R_Platinum_8358_CPU_2.60GHz,1507328,1472.0,1.4375,1,30.8048,30.8048,30.8048,30.8048
Intel_R_Xeon_R_Platinum_8358_CPU_2.60GHz,1572864,1536.0,1.5,1,31.2249,31.2249,31.2249,31.2249
Intel_R_Xeon_R_Platinum_8358_CPU_2.60GHz,1638400,1600.0,1.5625,1,32.9223,32.9223,32.9223,32.9223
Intel_R_Xeon_R_Platinum_8358_CPU_2.60GHz,1703936,1664.0,1.625,1,34.9747,34.9747,34.9747,34.9747
Intel_R_Xeon_R_Platinum_8358_CPU_2.60GHz,1769472,1728.0,1.6875,1,37.6608,37.6608,37.6608,37.6608
Intel_R_Xeon_R_Platinum_8358_CPU_2.60GHz,1835008,1792.0,1.75,1,37.8396,37.8396,37.8396,37.8396
Intel_R_Xeon_R_Platinum_8358_CPU_2.60GHz,1900544,1856.0,1.8125,1,39.2402,39.2402,39.2402,39.2402
Intel_R_Xeon_R_Platinum_8358_CPU_2.60GHz,1966080,1920.0,1.875,1,41.1126,41.1126,41.1126,41.1126
Intel_R_Xeon_R_Platinum_8358_CPU_2.60GHz,2031616,1984.0,1.9375,1,42.1038,42.1038,42.1038,42.1038
Intel_R_Xeon_R_Platinum_8358_CPU_2.60GHz,2097152,2048.0,2.0,2,35.724999999999994,35.724999999999994,35.3353,36.1147
Intel_R_Xeon_R_Platinum_8358_CPU_2.60GHz,4194304,4096.0,4.0,1,50.5527,50.5527,50.5527,50.5527
Intel_R_Xeon_R_Platinum_8358_CPU_2.60GHz,8388608,8192.0,8.0,1,57.6606,57.6606,57.6606,57.6606
Intel_R_Xeon_R_Platinum_8358_CPU_2.60GHz,16777216,16384.0,16.0,1,61.3901,61.3901,61.3901,61.3901
Intel_R_Xeon_R_Platinum_8358_CPU_2.60GHz,33554432,32768.0,32.0,1,63.2141,63.2141,63.2141,63.2141
Intel_R_Xeon_R_Platinum_8358_CPU_2.60GHz,67108864,65536.0,64.0,1,83.5712,83.5712,83.5712,83.5712
Intel_R_Xeon_R_Platinum_8358_CPU_2.60GHz,134217728,131072.0,128.0,1,142.0466,142.0466,142.0466,142.0466
Intel_R_Xeon_R_Platinum_8462Y+,4096,4.0,0.00390625,1,22.6563,22.6563,22.6563,22.6563
Intel_R_Xeon_R_Platinum_8462Y+,8192,8.0,0.0078125,1,19.1021,19.1021,19.1021,19.1021
Intel_R_Xeon_R_Platinum_8462Y+,16384,16.0,0.015625,1,18.9558,18.9558,18.9558,18.9558
Intel_R_Xeon_R_Platinum_8462Y+,32768,32.0,0.03125,1,14.8093,14.8093,14.8093,14.8093
Intel_R_Xeon_R_Platinum_8462Y+,65536,64.0,0.0625,1,23.0876,23.0876,23.0876,23.0876
Intel_R_Xeon_R_Platinum_8462Y+,131072,128.0,0.125,1,23.301,23.301,23.301,23.301
Intel_R_Xeon_R_Platinum_8462Y+,262144,256.0,0.25,1,23.9565,23.9565,23.9565,23.9565
Intel_R_Xeon_R_Platinum_8462Y+,524288,512.0,0.5,2,26.73555,26.73555,25.4068,28.0643
Intel_R_Xeon_R_Platinum_8462Y+,557056,544.0,0.53125,1,24.8287,24.8287,24.8287,24.8287
Intel_R_Xeon_R_Platinum_8462Y+,589824,576.0,0.5625,1,27.2361,27.2361,27.2361,27.2361
Intel_R_Xeon_R_Platinum_8462Y+,622592,608.0,0.59375,1,27.0103,27.0103,27.0103,27.0103
Intel_R_Xeon_R_Platinum_8462Y+,655360,640.0,0.625,1,26.0361,26.0361,26.0361,26.0361
Intel_R_Xeon_R_Platinum_8462Y+,688128,672.0,0.65625,1,24.0176,24.0176,24.0176,24.0176
Intel_R_Xeon_R_Platinum_8462Y+,720896,704.0,0.6875,1,29.0582,29.0582,29.0582,29.0582
Intel_R_Xeon_R_Platinum_8462Y+,753664,736.0,0.71875,1,23.9328,23.9328,23.9328,23.9328
Intel_R_Xeon_R_Platinum_8462Y+,786432,768.0,0.75,1,26.5347,26.5347,26.5347,26.5347
Intel_R_Xeon_R_Platinum_8462Y+,819200,800.0,0.78125,1,26.177,26.177,26.177,26.177
Intel_R_Xeon_R_Platinum_8462Y+,851968,832.0,0.8125,1,24.5275,24.5275,24.5275,24.5275
Intel_R_Xeon_R_Platinum_8462Y+,884736,864.0,0.84375,1,24.7552,24.7552,24.7552,24.7552
Intel_R_Xeon_R_Platinum_8462Y+,917504,896.0,0.875,1,26.3322,26.3322,26.3322,26.3322
Intel_R_Xeon_R_Platinum_8462Y+,950272,928.0,0.90625,1,24.6986,24.6986,24.6986,24.6986
Intel_R_Xeon_R_Platinum_8462Y+,983040,960.0,0.9375,1,27.1509,27.1509,27.1509,27.1509
Intel_R_Xeon_R_Platinum_8462Y+,1015808,992.0,0.96875,1,23.7973,23.7973,23.7973,23.7973
Intel_R_Xeon_R_Platinum_8462Y+,1048576,1024.0,1.0,2,24.8705,24.8705,24.7478,24.9932
Intel_R_Xeon_R_Platinum_8462Y+,1114112,1088.0,1.0625,1,26.2916,26.2916,26.2916,26.2916
Intel_R_Xeon_R_Platinum_8462Y+,1179648,1152.0,1.125,1,26.0679,26.0679,26.0679,26.0679
Intel_R_Xeon_R_Platinum_8462Y+,1245184,1216.0,1.1875,1,28.5137,28.5137,28.5137,28.5137
Intel_R_Xeon_R_Platinum_8462Y+,1310720,1280.0,1.25,1,31.8013,31.8013,31.8013,31.8013
Intel_R_Xeon_R_Platinum_8462Y+,1376256,1344.0,1.3125,1,28.5297,28.5297,28.5297,28.5297
Intel_R_Xeon_R_Platinum_8462Y+,1441792,1408.0,1.375,1,27.4557,27.4557,27.4557,27.4557
Intel_R_Xeon_R_Platinum_8462Y+,1507328,1472.0,1.4375,1,28.0176,28.0176,28.0176,28.0176
Intel_R_Xeon_R_Platinum_8462Y+,1572864,1536.0,1.5,1,27.3793,27.3793,27.3793,27.3793
Intel_R_Xeon_R_Platinum_8462Y+,1638400,1600.0,1.5625,1,31.4232,31.4232,31.4232,31.4232
Intel_R_Xeon_R_Platinum_8462Y+,1703936,1664.0,1.625,1,33.7023,33.7023,33.7023,33.7023
Intel_R_Xeon_R_Platinum_8462Y+,1769472,1728.0,1.6875,1,34.8889,34.8889,34.8889,34.8889
Intel_R_Xeon_R_Platinum_8462Y+,1835008,1792.0,1.75,1,34.6443,34.6443,34.6443,34.6443
Intel_R_Xeon_R_Platinum_8462Y+,1900544,1856.0,1.8125,1,37.0475,37.0475,37.0475,37.0475
Intel_R_Xeon_R_Platinum_8462Y+,1966080,1920.0,1.875,1,40.0954,40.0954,40.0954,40.0954
Intel_R_Xeon_R_Platinum_8462Y+,2031616,1984.0,1.9375,1,42.0943,42.0943,42.0943,42.0943
Intel_R_Xeon_R_Platinum_8462Y+,2097152,2048.0,2.0,2,21.74885,21.74885,21.4505,22.0472
Intel_R_Xeon_R_Platinum_8462Y+,4194304,4096.0,4.0,1,116.5953,116.5953,116.5953,116.5953
Intel_R_Xeon_R_Platinum_8462Y+,8388608,8192.0,8.0,1,160.2058,160.2058,160.2058,160.2058
Intel_R_Xeon_R_Platinum_8462Y+,16777216,16384.0,16.0,1,181.22,181.22,181.22,181.22
Intel_R_Xeon_R_Platinum_8462Y+,33554432,32768.0,32.0,1,132.6613,132.6613,132.6613,132.6613
Intel_R_Xeon_R_Platinum_8462Y+,67108864,65536.0,64.0,1,214.6312,214.6312,214.6312,214.6312
Intel_R_Xeon_R_Platinum_8462Y+,134217728,131072.0,128.0,1,190.4042,190.4042,190.4042,190.4042
