machine,file,working_set_bytes,working_set_kib,working_set_mib,samples,median,mean,std,min,max
Intel_R_Xeon_R_Platinum_8358_CPU_2.60GHz,phase3/data/hazel/Intel_R_Xeon_R_Platinum_8358_CPU_2.60GHz/capacity_4096.txt,4096,4.0,0.00390625,1,22.5135,22.5135,0.0,22.5135,22.5135
Intel_R_Xeon_R_Platinum_8358_CPU_2.60GHz,phase3/data/hazel/Intel_R_Xeon_R_Platinum_8358_CPU_2.60GHz/capacity_8192.txt,8192,8.0,0.0078125,1,9.9794,9.9794,0.0,9.9794,9.9794
Intel_R_Xeon_R_Platinum_8358_CPU_2.60GHz,phase3/data/hazel/Intel_R_Xeon_R_Platinum_8358_CPU_2.60GHz/capacity_16384.txt,16384,16.0,0.015625,1,13.3805,13.3805,0.0,13.3805,13.3805
Intel_R_Xeon_R_Platinum_8358_CPU_2.60GHz,phase3/data/hazel/Intel_R_Xeon_R_Platinum_8358_CPU_2.60GHz/capacity_32768.txt,32768,32.0,0.03125,1,20.363,20.363,0.0,20.363,20.363
Intel_R_Xeon_R_Platinum_8358_CPU_2.60GHz,phase3/data/hazel/Intel_R_Xeon_R_Platinum_8358_CPU_2.60GHz/capacity_65536.txt,65536,64.0,0.0625,1,18.0151,18.0151,0.0,18.0151,18.0151
Intel_R_Xeon_R_Platinum_8358_CPU_2.60GHz,phase3/data/hazel/Intel_R_Xeon_R_Platinum_8358_CPU_2.60GHz/capacity_131072.txt,131072,128.0,0.125,1,19.419,19.419,0.0,19.419,19.419
Intel_R_Xeon_R_Platinum_8358_CPU_2.60GHz,phase3/data/hazel/Intel_R_Xeon_R_Platinum_8358_CPU_2.60GHz/capacity_262144.txt,262144,256.0,0.25,1,18.3236,18.3236,0.0,18.3236,18.3236
Intel_R_Xeon_R_Platinum_8358_CPU_2.60GHz,phase3/data/hazel/Intel_R_Xeon_R_Platinum_8358_CPU_2.60GHz/capacity_524288.txt,524288,512.0,0.5,1,20.339,20.339,0.0,20.339,20.339
Intel_R_Xeon_R_Platinum_8358_CPU_2.60GHz,phase3/data/hazel/Intel_R_Xeon_R_Platinum_8358_CPU_2.60GHz/capacity_dense_524288.txt,524288,512.0,0.5,1,23.6136,23.6136,0.0,23.6136,23.6136
Intel_R_Xeon_R_Platinum_8358_CPU_2.60GHz,phase3/data/hazel/Intel_R_Xeon_R_Platinum_8358_CPU_2.60GHz/capacity_dense_557056.txt,557056,544.0,0.53125,1,20.2292,20.2292,0.0,20.2292,20.2292
Intel_R_Xeon_R_Platinum_8358_CPU_2.60GHz,phase3/data/hazel/Intel_R_Xeon_R_Platinum_8358_CPU_2.60GHz/capacity_dense_589824.txt,589824,576.0,0.5625,1,22.854,22.854,0.0,22.854,22.854
Intel_R_Xeon_R_Platinum_8358_CPU_2.60GHz,phase3/data/hazel/Intel_R_Xeon_R_Platinum_8358_CPU_2.60GHz/capacity_dense_622592.txt,622592,608.0,0.59375,1,21.2542,21.2542,0.0,21.2542,21.2542
Intel_R_Xeon_R_Platinum_8358_CPU_2.60GHz,phase3/data/hazel/Intel_R_Xeon_R_Platinum_8358_CPU_2.60GHz/capacity_dense_655360.txt,655360,640.0,0.625,1,20.3109,20.3109,0.0,20.3109,20.3109
Intel_R_Xeon_R_Platinum_8358_CPU_2.60GHz,phase3/data/hazel/Intel_R_Xeon_R_Platinum_8358_CPU_2.60GHz/capacity_dense_688128.txt,688128,672.0,0.65625,1,21.9989,21.9989,0.0,21.9989,21.9989
Intel_R_Xeon_R_Platinum_8358_CPU_2.60GHz,phase3/data/hazel/Intel_R_Xeon_R_Platinum_8358_CPU_2.60GHz/capacity_dense_720896.txt,720896,704.0,0.6875,1,22.5275,22.5275,0.0,22.5275,22.5275
Intel_R_Xeon_R_Platinum_8358_CPU_2.60GHz,phase3/data/hazel/Intel_R_Xeon_R_Platinum_8358_CPU_2.60GHz/capacity_dense_753664.txt,753664,736.0,0.71875,1,21.4726,21.4726,0.0,21.4726,21.4726
Intel_R_Xeon_R_Platinum_8358_CPU_2.60GHz,phase3/data/hazel/Intel_R_Xeon_R_Platinum_8358_CPU_2.60GHz/capacity_dense_786432.txt,786432,768.0,0.75,1,23.8918,23.8918,0.0,23.8918,23.8918
Intel_R_Xeon_R_Platinum_8358_CPU_2.60GHz,phase3/data/hazel/Intel_R_Xeon_R_Platinum_8358_CPU_2.60GHz/capacity_dense_819200.txt,819200,800.0,0.78125,1,22.467,22.467,0.0,22.467,22.467
Intel_R_Xeon_R_Platinum_8358_CPU_2.60GHz,phase3/data/hazel/Intel_R_Xeon_R_Platinum_8358_CPU_2.60GHz/capacity_dense_851968.txt,851968,832.0,0.8125,1,21.6402,21.6402,0.0,21.6402,21.6402
Intel_R_Xeon_R_Platinum_8358_CPU_2.60GHz,phase3/data/hazel/Intel_R_Xeon_R_Platinum_8358_CPU_2.60GHz/capacity_dense_884736.txt,884736,864.0,0.84375,1,20.732,20.732,0.0,20.732,20.732
Intel_R_Xeon_R_Platinum_8358_CPU_2.60GHz,phase3/data/hazel/Intel_R_Xeon_R_Platinum_8358_CPU_2.60GHz/capacity_dense_917504.txt,917504,896.0,0.875,1,25.2797,25.2797,0.0,25.2797,25.2797
Intel_R_Xeon_R_Platinum_8358_CPU_2.60GHz,phase3/data/hazel/Intel_R_Xeon_R_Platinum_8358_CPU_2.60GHz/capacity_dense_950272.txt,950272,928.0,0.90625,1,24.4443,24.4443,0.0,24.4443,24.4443
Intel_R_Xeon_R_Platinum_8358_CPU_2.60GHz,phase3/data/hazel/Intel_R_Xeon_R_Platinum_8358_CPU_2.60GHz/capacity_dense_983040.txt,983040,960.0,0.9375,1,23.3068,23.3068,0.0,23.3068,23.3068
Intel_R_Xeon_R_Platinum_8358_CPU_2.60GHz,phase3/data/hazel/Intel_R_Xeon_R_Platinum_8358_CPU_2.60GHz/capacity_dense_1015808.txt,1015808,992.0,0.96875,1,22.2174,22.2174,0.0,22.2174,22.2174
Intel_R_Xeon_R_Platinum_8358_CPU_2.60GHz,phase3/data/hazel/Intel_R_Xeon_R_Platinum_8358_CPU_2.60GHz/capacity_1048576.txt,1048576,1024.0,1.0,1,22.497,22.497,0.0,22.497,22.497
Intel_R_Xeon_R_Platinum_8358_CPU_2.60GHz,phase3/data/hazel/Intel_R_Xeon_R_Platinum_8358_CPU_2.60GHz/capacity_dense_1048576.txt,1048576,1024.0,1.0,1,23.6105,23.6105,0.0,23.6105,23.6105
Intel_R_Xeon_R_Platinum_8358_CPU_2.60GHz,phase3/data/hazel/Intel_R_Xeon_R_Platinum_8358_CPU_2.60GHz/capacity_dense_1114112.txt,1114112,1088.0,1.0625,1,23.6591,23.6591,0.0,23.6591,23.6591
Intel_R_Xeon_R_Platinum_8358_CPU_2.60GHz,phase3/data/hazel/Intel_R_Xeon_R_Platinum_8358_CPU_2.60GHz/capacity_dense_1179648.txt,1179648,1152.0,1.125,1,23.4217,23.4217,0.0,23.4217,23.4217
Intel_R_Xeon_R_Platinum_8358_CPU_2.60GHz,phase3/data/hazel/Intel_R_Xeon_R_Platinum_8358_CPU_2.60GHz/capacity_dense_1245184.txt,1245184,1216.0,1.1875,1,25.1903,25.1903,0.0,25.1903,25.1903
Intel_R_Xeon_R_Platinum_8358_CPU_2.60GHz,phase3/data/hazel/Intel_R_Xeon_R_Platinum_8358_CPU_2.60GHz/capacity_dense_1310720.txt,1310720,1280.0,1.25,1,25.5986,25.5986,0.0,25.5986,25.5986
Intel_R_Xeon_R_Platinum_8358_CPU_2.60GHz,phase3/data/hazel/Intel_R_Xeon_R_Platinum_8358_CPU_2.60GHz/capacity_dense_1376256.txt,1376256,1344.0,1.3125,1,28.3046,28.3046,0.0,28.3046,28.3046
Intel_R_Xeon_R_Platinum_8358_CPU_2.60GHz,phase3/data/hazel/Intel_R_Xeon_R_Platinum_8358_CPU_2.60GHz/capacity_dense_1441792.txt,1441792,1408.0,1.375,1,29.1088,29.1088,0.0,29.1088,29.1088
Intel_R_Xeon_R_Platinum_8358_CPU_2.60GHz,phase3/data/hazel/Intel_R_Xeon_R_Platinum_8358_CPU_2.60GHz/capacity_dense_1507328.txt,1507328,1472.0,1.4375,1,30.8048,30.8048,0.0,30.8048,30.8048
Intel_R_Xeon_R_Platinum_8358_CPU_2.60GHz,phase3/data/hazel/Intel_R_Xeon_R_Platinum_8358_CPU_2.60GHz/capacity_dense_1572864.txt,1572864,1536.0,1.5,1,31.2249,31.2249,0.0,31.2249,31.2249
Intel_R_Xeon_R_Platinum_8358_CPU_2.60GHz,phase3/data/hazel/Intel_R_Xeon_R_Platinum_8358_CPU_2.60GHz/capacity_dense_1638400.txt,1638400,1600.0,1.5625,1,32.9223,32.9223,0.0,32.9223,32.9223
Intel_R_Xeon_R_Platinum_8358_CPU_2.60GHz,phase3/data/hazel/Intel_R_Xeon_R_Platinum_8358_CPU_2.60GHz/capacity_dense_1703936.txt,1703936,1664.0,1.625,1,34.9747,34.9747,0.0,34.9747,34.9747
Intel_R_Xeon_R_Platinum_8358_CPU_2.60GHz,phase3/data/hazel/Intel_R_Xeon_R_Platinum_8358_CPU_2.60GHz/capacity_dense_1769472.txt,1769472,1728.0,1.6875,1,37.6608,37.6608,0.0,37.6608,37.6608
Intel_R_Xeon_R_Platinum_8358_CPU_2.60GHz,phase3/data/hazel/Intel_R_Xeon_R_Platinum_8358_CPU_2.60GHz/capacity_dense_1835008.txt,1835008,1792.0,1.75,1,37.8396,37.8396,0.0,37.8396,37.8396
Intel_R_Xeon_R_Platinum_8358_CPU_2.60GHz,phase3/data/hazel/Intel_R_Xeon_R_Platinum_8358_CPU_2.60GHz/capacity_dense_1900544.txt,1900544,1856.0,1.8125,1,39.2402,39.2402,0.0,39.2402,39.2402
Intel_R_Xeon_R_Platinum_8358_CPU_2.60GHz,phase3/data/hazel/Intel_R_Xeon_R_Platinum_8358_CPU_2.60GHz/capacity_dense_1966080.txt,1966080,1920.0,1.875,1,41.1126,41.1126,0.0,41.1126,41.1126
Intel_R_Xeon_R_Platinum_8358_CPU_2.60GHz,phase3/data/hazel/Intel_R_Xeon_R_Platinum_8358_CPU_2.60GHz/capacity_dense_2031616.txt,2031616,1984.0,1.9375,1,42.1038,42.1038,0.0,42.1038,42.1038
Intel_R_Xeon_R_Platinum_8358_CPU_2.60GHz,phase3/data/hazel/Intel_R_Xeon_R_Platinum_8358_CPU_2.60GHz/capacity_2097152.txt,2097152,2048.0,2.0,1,35.3353,35.3353,0.0,35.3353,35.3353
Intel_R_Xeon_R_Platinum_8358_CPU_2.60GHz,phase3/data/hazel/Intel_R_Xeon_R_Platinum_8358_CPU_2.60GHz/capacity_dense_2097152.txt,2097152,2048.0,2.0,1,36.1147,36.1147,0.0,36.1147,36.1147
Intel_R_Xeon_R_Platinum_8358_CPU_2.60GHz,phase3/data/hazel/Intel_R_Xeon_R_Platinum_8358_CPU_2.60GHz/capacity_4194304.txt,4194304,4096.0,4.0,1,50.5527,50.5527,0.0,50.5527,50.5527
Intel_R_Xeon_R_Platinum_8358_CPU_2.60GHz,phase3/data/hazel/Intel_R_Xeon_R_Platinum_8358_CPU_2.60GHz/capacity_8388608.txt,8388608,8192.0,8.0,1,57.6606,57.6606,0.0,57.6606,57.6606
Intel_R_Xeon_R_Platinum_8358_CPU_2.60GHz,phase3/data/hazel/Intel_R_Xeon_R_Platinum_8358_CPU_2.60GHz/capacity_16777216.txt,16777216,16384.0,16.0,1,61.3901,61.3901,0.0,61.3901,61.3901
Intel_R_Xeon_R_Platinum_8358_CPU_2.60GHz,phase3/data/hazel/Intel_R_Xeon_R_Platinum_8358_CPU_2.60GHz/capacity_33554432.txt,33554432,32768.0,32.0,1,63.2141,63.2141,0.0,63.2141,63.2141
Intel_R_Xeon_R_Platinum_8358_CPU_2.60GHz,phase3/data/hazel/Intel_R_Xeon_R_Platinum_8358_CPU_2.60GHz/capacity_67108864.txt,67108864,65536.0,64.0,1,83.5712,83.5712,0.0,83.5712,83.5712
Intel_R_Xeon_R_Platinum_8358_CPU_2.60GHz,phase3/data/hazel/Intel_R_Xeon_R_Platinum_8358_CPU_2.60GHz/capacity_134217728.txt,134217728,131072.0,128.0,1,142.0466,142.0466,0.0,142.0466,142.0466
