machine,eviction_rounds,samples,median_timer_units,mean_timer_units,min_timer_units,max_timer_units,file
AMD_EPYC_9654_96-Core_Processor,64,1000000,3528.0,3574.127136,3456.0,14284320.0,phase3/data/hazel/AMD_EPYC_9654_96-Core_Processor/inclusion_64.txt
AMD_EPYC_9654_96-Core_Processor,128,1000000,3528.0,3544.498416,3456.0,144720.0,phase3/data/hazel/AMD_EPYC_9654_96-Core_Processor/inclusion_128.txt
AMD_EPYC_9654_96-Core_Processor,256,1000000,3528.0,3561.812304,3456.0,141480.0,phase3/data/hazel/AMD_EPYC_9654_96-Core_Processor/inclusion_256.txt
AMD_EPYC_9654_96-Core_Processor,512,1000000,3528.0,3561.225216,3456.0,241104.0,phase3/data/hazel/AMD_EPYC_9654_96-Core_Processor/inclusion_512.txt
AMD_EPYC_9654_96-Core_Processor,1024,1000000,3528.0,3559.873728,3456.0,160728.0,phase3/data/hazel/AMD_EPYC_9654_96-Core_Processor/inclusion_1024.txt
AMD_EPYC_9655_96-Core_Processor,64,1000000,1482.0,1503.818498,1456.0,3059472.0,phase3/data/hazel/AMD_EPYC_9655_96-Core_Processor/inclusion_64.txt
AMD_EPYC_9655_96-Core_Processor,128,1000000,1482.0,1737.78826,1456.0,6754878.0,phase3/data/hazel/AMD_EPYC_9655_96-Core_Processor/inclusion_128.txt
AMD_EPYC_9655_96-Core_Processor,256,1000000,1482.0,1508.326846,1456.0,219960.0,phase3/data/hazel/AMD_EPYC_9655_96-Core_Processor/inclusion_256.txt
AMD_EPYC_9655_96-Core_Processor,512,1000000,1482.0,1575.60364,1456.0,3525080.0,phase3/data/hazel/AMD_EPYC_9655_96-Core_Processor/inclusion_512.txt
AMD_EPYC_9655_96-Core_Processor,1024,1000000,1482.0,1515.351864,1456.0,5640726.0,phase3/data/hazel/AMD_EPYC_9655_96-Core_Processor/inclusion_1024.txt
Intel_R_Xeon_R_CPU_E5-2650_v3_2.30GHz,64,1000000,6698.0,6719.269199,5842.0,11207986.0,phase3/data/hazel/Intel_R_Xeon_R_CPU_E5-2650_v3_2.30GHz/inclusion_64.txt
Intel_R_Xeon_R_CPU_E5-2650_v3_2.30GHz,128,1000000,6698.0,6705.03604,5830.0,249476.0,phase3/data/hazel/Intel_R_Xeon_R_CPU_E5-2650_v3_2.30GHz/inclusion_128.txt
Intel_R_Xeon_R_CPU_E5-2650_v3_2.30GHz,256,1000000,6698.0,7619.360714,6268.0,6673144.0,phase3/data/hazel/Intel_R_Xeon_R_CPU_E5-2650_v3_2.30GHz/inclusion_256.txt
Intel_R_Xeon_R_CPU_E5-2650_v3_2.30GHz,512,1000000,6339.0,6424.2723,6283.0,74845.0,phase3/data/hazel/Intel_R_Xeon_R_CPU_E5-2650_v3_2.30GHz/inclusion_512.txt
Intel_R_Xeon_R_CPU_E5-2650_v3_2.30GHz,1024,1000000,6431.0,6531.010539,5839.0,60122.0,phase3/data/hazel/Intel_R_Xeon_R_CPU_E5-2650_v3_2.30GHz/inclusion_1024.txt
Intel_R_Xeon_R_CPU_E5-2650_v4_2.20GHz,64,1000000,5675.0,5659.776398,5371.0,5970679.0,phase3/data/hazel/Intel_R_Xeon_R_CPU_E5-2650_v4_2.20GHz/inclusion_64.txt
Intel_R_Xeon_R_CPU_E5-2650_v4_2.20GHz,128,1000000,5690.0,5675.196976,5374.0,261955.0,phase3/data/hazel/Intel_R_Xeon_R_CPU_E5-2650_v4_2.20GHz/inclusion_128.txt
Intel_R_Xeon_R_CPU_E5-2650_v4_2.20GHz,256,1000000,5665.0,5636.809548,5377.0,115572.0,phase3/data/hazel/Intel_R_Xeon_R_CPU_E5-2650_v4_2.20GHz/inclusion_256.txt
Intel_R_Xeon_R_CPU_E5-2650_v4_2.20GHz,512,1000000,5423.0,5550.291548,5381.0,993016.0,phase3/data/hazel/Intel_R_Xeon_R_CPU_E5-2650_v4_2.20GHz/inclusion_512.txt
Intel_R_Xeon_R_CPU_E5-2650_v4_2.20GHz,1024,1000000,5435.0,5552.782226,5380.0,232885.0,phase3/data/hazel/Intel_R_Xeon_R_CPU_E5-2650_v4_2.20GHz/inclusion_1024.txt
Intel_R_Xeon_R_Gold_6326_CPU_2.90GHz,64,1000000,6370.0,6313.445668,5894.0,805506.0,phase3/data/hazel/Intel_R_Xeon_R_Gold_6326_CPU_2.90GHz/inclusion_64.txt
Intel_R_Xeon_R_Gold_6326_CPU_2.90GHz,128,1000000,6368.0,6302.832266,5894.0,38712.0,phase3/data/hazel/Intel_R_Xeon_R_Gold_6326_CPU_2.90GHz/inclusion_128.txt
Intel_R_Xeon_R_Gold_6326_CPU_2.90GHz,256,1000000,6366.0,6308.161758,5892.0,4505750.0,phase3/data/hazel/Intel_R_Xeon_R_Gold_6326_CPU_2.90GHz/inclusion_256.txt
Intel_R_Xeon_R_Gold_6326_CPU_2.90GHz,512,1000000,6362.0,6291.312498,5892.0,26576.0,phase3/data/hazel/Intel_R_Xeon_R_Gold_6326_CPU_2.90GHz/inclusion_512.txt
Intel_R_Xeon_R_Gold_6326_CPU_2.90GHz,1024,1000000,6356.0,6284.433868,5892.0,40744.0,phase3/data/hazel/Intel_R_Xeon_R_Gold_6326_CPU_2.90GHz/inclusion_1024.txt
Intel_R_Xeon_R_Platinum_8358_CPU_2.60GHz,64,1000000,6070.0,6206.41718,5604.0,8406346.0,phase3/data/hazel/Intel_R_Xeon_R_Platinum_8358_CPU_2.60GHz/inclusion_64.txt
Intel_R_Xeon_R_Platinum_8358_CPU_2.60GHz,128,1000000,6060.0,6024.509812,5602.0,56602.0,phase3/data/hazel/Intel_R_Xeon_R_Platinum_8358_CPU_2.60GHz/inclusion_128.txt
Intel_R_Xeon_R_Platinum_8358_CPU_2.60GHz,256,1000000,6058.0,6010.01252,5600.0,2178752.0,phase3/data/hazel/Intel_R_Xeon_R_Platinum_8358_CPU_2.60GHz/inclusion_256.txt
Intel_R_Xeon_R_Platinum_8358_CPU_2.60GHz,512,1000000,6062.0,6024.429778,5604.0,64588.0,phase3/data/hazel/Intel_R_Xeon_R_Platinum_8358_CPU_2.60GHz/inclusion_512.txt
Intel_R_Xeon_R_Platinum_8358_CPU_2.60GHz,1024,1000000,6054.0,6008.142808,5602.0,42692.0,phase3/data/hazel/Intel_R_Xeon_R_Platinum_8358_CPU_2.60GHz/inclusion_1024.txt
Intel_R_Xeon_R_Platinum_8462Y+,64,1000000,4996.0,4787.09106,1490.0,57818.0,phase3/data/hazel/Intel_R_Xeon_R_Platinum_8462Y+/inclusion_64.txt
Intel_R_Xeon_R_Platinum_8462Y+,128,1000000,4934.0,4690.716474,1500.0,157484.0,phase3/data/hazel/Intel_R_Xeon_R_Platinum_8462Y+/inclusion_128.txt
Intel_R_Xeon_R_Platinum_8462Y+,256,1000000,4966.0,4515.350116,1490.0,3222852.0,phase3/data/hazel/Intel_R_Xeon_R_Platinum_8462Y+/inclusion_256.txt
Intel_R_Xeon_R_Platinum_8462Y+,512,1000000,4946.0,4454.572524,1494.0,306544.0,phase3/data/hazel/Intel_R_Xeon_R_Platinum_8462Y+/inclusion_512.txt
Intel_R_Xeon_R_Platinum_8462Y+,1024,1000000,4942.0,4354.749984,1494.0,3046886.0,phase3/data/hazel/Intel_R_Xeon_R_Platinum_8462Y+/inclusion_1024.txt
