working_set_bytes,timer_units_per_access
262144,26.8558
270336,25.8174
278528,26.3320
286720,27.4642
294912,28.4812
303104,28.6164
311296,29.5269
319488,30.0586
327680,29.6485
335872,30.8900
344064,31.4603
352256,32.5889
360448,32.8421
368640,33.2224
376832,33.9025
385024,34.4630
393216,35.2435
401408,34.2067
409600,34.8367
417792,35.2999
425984,35.8539
434176,36.1978
442368,36.7234
450560,37.2147
458752,37.7249
466944,37.9587
475136,38.3487
483328,38.8500
491520,39.2272
499712,38.4032
507904,38.7584
516096,38.9756
524288,39.4216
